tree
version=v4
num_class=1
num_tree_per_iteration=1
label_index=0
max_feature_idx=21
objective=lambdarank
feature_names=distance_m course_type direction track_condition weather race_class waku umaban kinryo sex age horse_weight_kg horse_weight_diff popularity odds jockey_top3_rate_adj trainer_top3_rate_adj prev_finish rest_days career_starts career_top3_rate avg_finish_last3
monotone_constraints=0 0 0 0 0 0 0 0 0 0 0 0 0 -1 -1 0 0 0 0 0 0 0
feature_infos=[1000:3600] -1:0:1 -1:0:1 -1:2:1:3:0 -1:2:3:4:0:1 -1:8:0:1:7:2:6:5:4 [1:8] [1:18] [49:62] -1:2:1:0 [2:10] [342:602] [-37:38] [1:18] [1.1000000000000001:962] [0.045444693348242242:0.63902960942360421] [0.021810201612076217:0.48936733870692073] [1:18] [5:371] [0:16] [0:1] [1:18]
tree_sizes=3510 3441 3463 3439 3463 3480 3446 3457 3480 3468 3486 3479 3464 3468 3491 3488 3492 3472 3468 3484 3503 3522 3470 3479 3486 3472 3483 3473 3511 3522 3491 3482 3483 3479 3489 3477 3497 3502 3487 3508 3503 3512 3499 3517 3487 3513 3485 3516 3512 3516 3492 3524 3506 3505 3533 3509 3537 3514 3521 3520

Tree=0
num_leaves=31
num_cat=2
split_feature=14 14 14 14 14 14 14 14 14 7 14 18 11 21 14 14 14 20 5 11 12 12 14 14 0 18 15 7 2 11
split_gain=2821.66 376.628 295.694 50.2124 49.3666 48.0848 19.3639 8.43447 6.50996 4.93703 4.58156 3.98751 4.57357 3.97223 3.7597 3.68111 3.58818 3.22903 3.18293 3.15218 2.69705 2.51656 2.51143 2.4506 2.4401 2.3879 2.37179 2.65468 2.26248 2.23361
threshold=16.650000000000002 5.4500000000000011 42.250000000000007 2.9500000000000006 8.8500000000000032 119.85000000000001 27.350000000000005 68.450000000000017 4.3500000000000005 9.5000000000000018 20.650000000000002 112.50000000000001 467.00000000000006 7.416666666666667 12.050000000000002 1.9500000000000002 34.45000000000001 0.26136363636363641 0 455.00000000000006 7.5000000000000009 -1.4999999999999998 7.4500000000000011 209.65000000000001 1650.0000000000002 97.500000000000014 0.27160249333702297 4.5000000000000009 1 523.00000000000011
decision_type=2 2 2 2 2 2 2 2 2 2 2 8 2 8 2 2 2 8 9 2 2 2 2 2 2 8 10 2 9 2
left_child=1 3 6 15 11 7 10 29 28 17 13 22 24 -2 18 -1 -11 21 -6 -16 -21 -8 -3 -7 -13 -9 27 -12 -5 -4
right_child=2 4 5 8 14 23 9 25 -10 16 26 12 -14 -15 19 -17 -18 -19 -20 20 -22 -23 -24 -25 -26 -27 -28 -29 -30 -31
leaf_value=0.016817094191333985 -0.0014624724442628262 0.0072078942754113607 -0.011857088518974218 0.011004853420176713 0.0011692442270651692 -0.017033478041881621 -0.0057372329939265488 -0.013493050195027197 0.0093183051505016934 -0.0057372329939265488 -0.0057372329939265488 0.0081348031794202819 0.0035675163608914679 -0.0036850977243737203 -0.0014624724442628262 0.014780048618029401 -0.0089593330129404177 -0.010290939396356126 0.0031079565779512674 0.0011692442270651692 -0.0014624724442628262 -0.0090354464969569694 0.0053080183218550212 -0.01869159457222358 0.0039821280982369365 -0.015338713962935164 -0.0057372329939265488 -0.0036850977243737203 0.012764413632289553 -0.010290939396356126
leaf_weight=138.94254798348993 73.924918260192499 201.47509150346741 195.34360480541363 206.76738030230626 83.12441186979413 181.42916422779672 34.785944267176092 138.63109929300845 197.68680989206769 44.908002128591761 33.845270183868706 28.055549990385771 55.667229003738612 65.569180177990347 56.941967473132536 245.37877698149532 34.576478817965835 58.354292631382123 131.0351638821885 145.05432970100082 20.507033162983134 46.974212089553475 106.28122873511165 175.21462674997747 18.443797466345131 65.687034683767706 38.593291270080954 93.070517377927899 113.01983963651583 11.133666743524371
leaf_count=833 1221 2457 4410 2015 1291 4559 664 3325 2172 872 638 336 791 1221 983 1863 750 1193 1891 2264 364 913 1421 4773 234 1689 765 1650 1007 192
internal_value=-2.49528e-11 0.00828144 -0.0112064 0.0127784 0.00349121 -0.0151616 -0.00542023 -0.0128293 0.0107449 -0.00768445 -0.00379002 0.00598352 0.00427174 -0.002455 0.00115151 0.0155165 -0.00573723 -0.00881394 0.00209732 0.00024117 0.000946794 -0.00751823 0.00655179 -0.0178481 0.00687288 -0.0142698 -0.0049152 -0.00407892 0.0116267 -0.0114039
internal_weight=3040.42 1748.38 1292.04 901.795 846.586 767.439 524.602 410.795 517.474 219.599 305.003 409.923 102.167 139.494 436.663 384.321 79.4845 140.114 214.16 222.503 165.561 81.7602 307.756 356.644 46.4993 204.318 165.509 126.916 319.787 206.477
internal_count=48757 19922 28835 7890 12032 18948 9887 9616 5194 4392 5495 5239 1361 2442 6793 2696 1622 2770 3182 3611 2628 1577 3878 9332 570 5014 3053 2288 3022 4602
cat_boundaries=0 1 2
cat_threshold=177 1
is_linear=0
shrinkage=0.01


Tree=1
num_leaves=31
num_cat=4
split_feature=14 14 14 14 14 14 14 14 14 5 17 14 7 14 7 19 14 7 5 15 9 7 16 14 2 10 14 18 0 15
split_gain=11045 1145.33 1112.46 288.078 175.398 146.286 82.0574 70.7562 45.6342 17.5824 17.4606 17.2338 16.3241 15.1717 15.1428 14.5081 13.8599 12.3499 11.7077 11.4745 15.8575 11.3018 10.961 15.0176 10.4744 11.9009 9.92931 9.43295 8.35062 8.29043
threshold=11.350000000000003 3.7500000000000004 35.550000000000004 6.0500000000000007 1.9500000000000002 17.950000000000003 73.750000000000014 2.9500000000000006 8.0500000000000025 0 2.5000000000000004 21.850000000000005 9.5000000000000018 1.5500000000000003 11.500000000000002 5.5000000000000009 119.85000000000001 13.500000000000002 1 0.36712741506897922 2 14.500000000000002 0.30156359187513049 14.65 3 2.5000000000000004 5.2500000000000009 63.500000000000007 1750.0000000000002 0.36990281803405417
decision_type=2 2 2 2 2 2 2 2 2 9 10 2 2 2 2 2 2 2 9 8 1 2 8 2 9 2 2 10 2 10
left_child=1 4 5 9 13 22 -4 12 18 26 21 -7 19 -1 15 -10 -8 24 -5 20 28 -11 23 -2 25 -9 -3 -25 -6 -12
right_child=2 3 6 8 7 11 16 17 14 10 29 -13 -14 -15 -16 -17 -18 -19 -20 -21 -22 -23 -24 27 -26 -27 -28 -29 -30 -31
leaf_value=0.016868341901232091 -0.0024867551186694616 0.0074382665971689391 -0.014084384294330178 0.00066778535335330642 0.012599840618565837 -0.007474535164289026 -0.016493176495418257 0.0074382665971689391 -0.0022746782432196844 0.0034144306613225384 0.0067521270029480942 -0.010030039915212346 0.012599840618565837 0.014161357454636422 0.00066778535335330642 0.00066778535335330642 -0.018458024511505206 0.009776562349845341 0.0028326137623572636 0.009776562349845341 0.009776562349845341 0.0074382665971689391 -0.0063860495281949405 -0.0060939967665025723 0.0074382665971689391 0.009776562349845341 0.0053926681033485066 -0.0037990783327236902 0.010741265538817331 0.0036822656289403695
leaf_weight=320.56411084532738 496.75684461370111 785.60274420678616 939.46053655818105 206.49191104620695 239.58020883798599 392.74225876107812 539.04971290938556 75.129619911313057 571.42084473371506 456.30992417037487 489.25410324335098 804.35897828266025 532.84005768597126 584.65811696648598 203.87216433137655 121.32632099464536 1074.8641670867801 133.97825290262699 742.92805299907923 425.78522245585918 292.468840315938 33.932737447321415 173.6976329497993 306.14367016963661 700.87032191455364 267.25059507787228 247.32501167804003 82.347573973238468 241.79907424747944 107.256327688694
leaf_count=274 2256 1506 7026 699 229 2193 4349 127 2368 1050 999 5062 552 559 814 434 9332 178 2365 498 323 61 895 1570 1099 373 682 385 261 238
internal_value=4.31403e-11 0.00736389 -0.0119133 0.00360085 0.0112757 -0.00679667 -0.016434 0.0100797 0.000712774 0.00611609 0.00500498 -0.00919164 0.0113652 0.01512 -0.000905119 -0.00165343 -0.0178018 0.00818797 0.00224069 0.0107124 0.011462 0.00365284 -0.00408925 -0.00363858 0.0077687 0.00928 0.00716725 -0.0051114 0.0125802 0.00620015
internal_weight=12590.1 7780.64 4809.42 3965.72 3814.92 2256.05 2553.37 2909.7 1846.04 2119.68 1086.75 1197.1 1732.47 905.222 896.619 692.747 1613.91 1177.23 949.42 1199.63 773.848 490.243 1058.95 885.248 1043.25 342.38 1032.93 388.491 481.379 596.51
internal_count=48757 15689 33068 11216 4473 12361 20707 3640 6680 4536 2348 7255 1863 833 3616 2802 13681 1777 3064 1311 813 1111 5106 4211 1599 500 2188 1955 490 1237
cat_boundaries=0 1 2 3 4
cat_threshold=388 228 4 2
is_linear=0
shrinkage=0.01


Tree=2
num_leaves=31
num_cat=3
split_feature=14 14 14 14 14 14 14 13 14 7 14 14 17 15 0 14 9 15 5 16 7 10 6 21 16 17 14 2 19 11
split_gain=8661.52 1065.52 984.773 345.179 119.915 87.4351 80.6028 36.8686 36.4097 18.4418 14.6765 14.5699 14.0961 13.1301 18.7705 12.8285 12.4506 11.3226 11.2486 10.1673 11.743 11.1433 12.8315 9.70312 9.62526 9.77536 11.6708 9.29774 9.12534 9.01147
threshold=11.350000000000003 2.9500000000000006 35.550000000000004 5.7500000000000009 17.950000000000003 1.9500000000000002 73.750000000000014 2.5000000000000004 8.0500000000000025 9.5000000000000018 21.850000000000005 1.5500000000000003 9.5000000000000018 0.36712741506897922 1750.0000000000002 119.85000000000001 0 0.28012178583163522 1 0.3472353225783133 5.5000000000000009 3.5000000000000004 2.5000000000000004 4.8333333333333348 0.30156359187513049 2.5000000000000004 14.65 2 6.5000000000000009 477.00000000000006
decision_type=2 2 2 2 2 2 2 2 2 2 2 2 8 8 2 2 1 10 9 10 2 2 2 10 8 8 2 9 2 2
left_child=1 5 4 7 24 11 -4 18 29 13 -6 -1 -10 14 16 -8 -7 -18 27 20 21 22 -20 -9 25 -2 -27 -3 -11 -5
right_child=2 3 6 8 10 9 15 23 12 28 -12 -13 -14 -15 -16 -17 17 -19 19 -21 -22 -23 -24 -25 -26 26 -28 -29 -30 -31
leaf_value=0.016687708608757505 -0.0062371610750428163 0.0053517723631143722 -0.013482259595869347 0.0026911328338254143 -0.0069922169483400973 0.012783576143742641 -0.016075259389410679 0.0033688133578763835 3.100464269728055e-06 0.01271770455268908 -0.0094863071798653963 0.013830423954448499 -0.0023797476101280195 0.0085423146237533065 0.0090486727759803431 -0.018112207691627111 0.0080243937962270282 0.012783576143742641 0.0080243937962270282 0.0053517723631143722 0.0080243937962270282 0.0053517723631143722 0.0053517723631143722 0.0053517723631143722 -0.0060992553707911725 -0.0023797476101280195 -0.0045272381277339097 0.0071959274538372902 0.0080243937962270282 0.00087240218277364722
leaf_weight=273.27059568464756 77.475824065506458 495.60637679696083 819.65635940246284 601.27510691434145 352.45700934156775 218.55797000229359 463.30169084481895 465.85460617393255 577.91436802968383 457.44852221012115 713.68110529519618 514.39978963136673 268.21724610775709 385.79604089260101 323.08733606338501 929.44238660298288 97.355497449636459 74.85530523955822 211.18744370341301 188.6158077865839 906.39565094560385 99.217413008213043 152.51408253610134 219.65180090814829 154.90291932970285 424.58852728828788 320.53740572184324 273.46980319917202 28.13101452589035 498.13130528479815
leaf_count=274 434 886 7026 1925 2193 229 4349 1227 2422 512 5062 559 1194 498 380 9332 127 77 340 333 1506 194 270 532 895 2007 1770 471 40 1693
internal_value=-1.65234e-11 0.00658771 -0.0113472 0.00395026 -0.00634232 0.0120985 -0.0159703 0.00607068 0.000666952 0.0107454 -0.00866178 0.0148217 -0.000892417 0.0100287 0.010832 -0.0174346 0.0123065 0.0100003 0.00667112 0.00726649 0.00761436 0.00628254 0.00739298 0.00403243 -0.00381254 -0.00338193 -0.00302595 0.00535177 0.0123686 0.00186708
internal_weight=11587 7330.95 4256.04 4958.05 2043.64 2372.9 2212.4 3012.51 1945.54 1585.23 1066.14 787.67 846.132 1099.65 713.856 1392.74 390.769 172.211 2327.01 1557.93 1369.31 462.919 363.702 685.506 977.505 822.602 745.126 769.076 485.58 1099.41
internal_count=48757 15689 33068 12993 12361 2696 20707 5759 7234 1863 7255 833 3616 1311 813 13681 433 204 4000 2643 2310 804 610 1759 5106 4211 3777 1357 552 3618
cat_boundaries=0 1 2 3
cat_threshold=4 81 1
is_linear=0
shrinkage=0.01


Tree=3
num_leaves=31
num_cat=4
split_feature=14 14 14 14 14 14 14 13 14 7 5 5 15 0 9 14 14 0 14 11 19 2 7 8 0 8 19 0 15 15
split_gain=7416.14 1091.25 737.015 375.728 87.6526 78.5477 72.1157 45.8148 38.0179 19.7779 18.5779 15.3087 14.2163 15.5055 13.6215 13.3424 12.3237 11.692 10.7048 10.6309 10.6027 9.90442 9.66996 8.70513 8.67613 8.5739 10.6416 8.19734 8.143 9.71493
threshold=12.850000000000003 2.9500000000000006 36.850000000000001 6.0500000000000007 1.9500000000000002 20.650000000000002 73.750000000000014 2.5000000000000004 8.6500000000000004 9.5000000000000018 0 1 0.38893406184757018 1750.0000000000002 2 1.5500000000000003 119.85000000000001 1650.0000000000002 16.650000000000002 497.00000000000006 6.5000000000000009 3 7.5000000000000009 57.750000000000007 2300.0000000000005 55.750000000000007 4.5000000000000009 1850.0000000000002 0.28012178583163522 0.34358710935766373
decision_type=2 2 2 2 2 2 2 2 2 2 9 9 8 2 1 2 2 2 2 2 2 9 2 2 2 2 2 2 10 10
left_child=1 4 5 7 15 18 -4 11 10 12 22 21 13 14 -6 -1 -8 -10 -2 24 -11 -3 -5 -21 -15 26 27 -13 -16 -30
right_child=2 3 6 8 9 -7 16 -9 17 20 -12 25 -14 19 28 -17 -18 -19 -20 23 -22 -23 -24 -25 -26 -27 -28 -29 29 -31
leaf_value=0.016482561241158784 -0.003795417406623619 0.0047664203751568374 -0.013149684862173773 0.00078078712076103064 0.012471502953864469 -0.0090210488167549226 -0.015723641223552121 0.0033611243429835028 -0.00056622676917895878 0.012471502953864469 -0.0002841013435140548 0.004827475839880001 0.0075295953945412617 0.0075146765002425901 0.0075146765002425901 0.013612321391040483 -0.017816056638070784 -0.0028370069784506391 -0.0059930316802381855 0.012471502953864469 0.0075146765002425901 0.006663347093994524 0.0026652142005344011 0.0075146765002425901 0.012471502953864469 0.0075146765002425901 0.0075146765002425901 0.0075146765002425901 0.012471502953864469 0.0075146765002425901
leaf_weight=246.50213807821274 528.35303251817822 498.81544794887304 715.15199891291559 408.3301295042038 232.67205604910851 794.05127080343664 421.58656567893922 773.40520513802767 449.92725553363562 421.16953836381435 237.58805226907134 469.80855099856853 252.92779906094074 229.18005236983299 93.10103677213192 472.20384821295738 846.98055136203766 422.92399759963155 381.84755915030837 97.399790748953819 25.703920990228653 275.3458304554224 429.03373823687434 18.177440851926804 28.743519216775894 871.1827222853899 123.95608189702034 79.857209548354149 53.32635860145092 40.591432511806488
leaf_count=274 2924 912 6671 1448 267 6041 4349 2209 2099 512 938 884 354 295 127 559 9332 2009 2442 107 40 487 1495 22 30 1499 189 133 53 56
internal_value=1.5169e-11 0.00587154 -0.0115456 0.00330187 0.0117275 -0.00672255 -0.0156891 0.00546878 -0.000138356 0.0103462 0.00112056 0.00617172 0.009594 0.0102523 0.0115712 0.0145968 -0.0171207 -0.00168876 -0.00471736 0.0087702 0.0121072 0.00476642 0.00188324 0.0112905 0.00764084 0.00682125 0.00601816 0.0053512 0.00945451 0.0115351
internal_weight=10939.8 7251.87 3687.97 5040.17 2211.7 1704.25 1983.72 3092.37 1947.8 1492.99 1074.95 2318.97 1046.12 793.192 419.691 718.706 1268.57 872.851 910.201 373.501 446.873 774.161 837.364 115.577 257.924 1544.8 673.622 549.666 187.019 93.9178
internal_count=48757 16998 31759 14302 2696 11407 20352 6313 7989 1863 3881 4104 1311 957 503 833 13681 4108 5366 454 552 1399 2943 129 325 2705 1206 1017 236 109
cat_boundaries=0 1 2 3 4
cat_threshold=275 81 4 1
is_linear=0
shrinkage=0.01


Tree=4
num_leaves=31
num_cat=3
split_feature=14 14 14 14 14 14 14 13 14 7 5 5 15 0 9 14 14 19 11 14 14 0 0 8 7 15 15 20 18 17
split_gain=6593.16 1018.31 678.814 333.147 88.0283 84.701 50.798 38.1036 33.4915 20.0439 17.2819 16.8683 15.4891 14.9269 13.8034 12.0519 11.8695 11.5475 10.2288 9.91828 9.59553 8.80108 8.65793 8.4025 8.29848 7.96336 9.61549 7.93807 9.20264 7.57976
threshold=12.850000000000003 2.9500000000000006 40.850000000000001 6.0500000000000007 1.9500000000000002 20.650000000000002 119.85000000000001 2.5000000000000004 8.6500000000000004 9.5000000000000018 0 1 0.38893406184757018 1750.0000000000002 2 1.5500000000000003 68.450000000000017 6.5000000000000009 497.00000000000006 30.850000000000005 16.650000000000002 2300.0000000000005 1650.0000000000002 57.750000000000007 7.5000000000000009 0.28012178583163522 0.34358710935766373 0.43650793650793657 25.500000000000004 9.5000000000000018
decision_type=2 2 2 2 2 2 2 2 2 2 9 9 8 2 1 2 2 2 2 2 2 2 2 2 2 10 10 8 10 10
left_child=1 4 5 7 15 20 16 10 11 12 27 24 13 14 -6 -1 -4 -11 21 -7 -2 -15 29 -20 -5 -16 -27 28 -3 -10
right_child=2 3 6 8 9 19 -8 -9 22 17 -12 -13 -14 18 25 -17 -18 -19 23 -21 -22 -23 -24 -25 -26 26 -28 -29 -30 -31
leaf_value=0.016291463297755195 -0.0037330625931432581 0.0045095131814261767 -0.01303821775794598 0.00070146543543468296 0.012227706331853857 -0.0082251697980038792 -0.017540494899425697 0.0032033679063748909 -0.00033077571010290812 0.012227706331853857 0.0065011330455716429 -0.00033077571010290812 0.007270975638604551 0.007270975638604551 0.007270975638604551 0.013462194288476934 -0.015272003010573897 0.007270975638604551 0.012227706331853857 -0.010446220480496928 -0.0058621609419275021 0.012227706331853857 -0.0027254198381429667 0.007270975638604551 0.0024917747797616211 0.012227706331853857 0.007270975638604551 0.0045095131814261767 0.007270975638604551 -0.0028268257213210765
leaf_weight=228.27566467225552 506.47030044347048 81.358598321676254 495.94312469102442 391.3870329298079 218.76176555454731 546.49672152474523 788.67715135216713 741.11239589005709 389.29364538192749 396.46859435737133 1502.1887539997697 230.53786341100931 245.67882299423218 221.42775854468346 89.989765457808971 442.23599381744862 457.14001343771815 25.214334845542908 91.509106636047363 318.07897719927132 363.67797665670514 26.623720675706863 404.57283810153604 17.298747539520264 423.04197832196951 49.729893743991852 39.11685898900032 491.52738154679537 189.41990035772324 49.742114957422018
leaf_count=274 2924 153 4940 1448 267 4282 9332 2209 1826 512 2705 938 354 295 127 559 5014 40 107 2825 2442 30 2009 22 1495 53 56 935 311 273
internal_value=-2.0395e-12 0.00559962 -0.0112533 0.00310339 0.0114386 -0.00682551 -0.0156631 0.00517153 -0.000187979 0.01003 0.00581566 0.00100854 0.00925903 0.00997142 0.011304 0.0144254 -0.0141096 0.0118585 0.00848672 -0.0090423 -0.00462292 0.00736542 -0.00167009 0.011043 0.00174824 0.00912684 0.0112579 0.00450951 0.00623552 -0.000697601
internal_weight=10463 6986.51 3476.48 4894.18 2092.33 1734.72 1741.76 3005.61 1888.58 1421.82 2264.49 1044.97 1000.14 754.458 397.598 670.512 953.083 421.683 356.859 864.576 870.148 248.051 843.609 108.808 814.429 178.837 88.8468 762.306 270.778 439.036
internal_count=48757 16998 31759 14302 2696 12473 19286 6313 7989 1863 4104 3881 1311 957 503 833 9954 552 454 7107 5366 325 4108 129 2943 236 109 1399 464 2099
cat_boundaries=0 1 2 3
cat_threshold=81 275 4
is_linear=0
shrinkage=0.01


Tree=5
num_leaves=31
num_cat=2
split_feature=14 14 14 14 14 14 14 14 7 13 15 0 9 19 5 14 14 16 11 19 17 11 7 18 0 8 14 21 15 15
split_gain=5977.1 875.813 758.138 246.106 88.7171 87.3779 65.0208 30.5342 19.9082 18.6171 15.3552 14.865 13.9957 11.7861 11.4749 11.2231 11.0931 10.3084 9.97861 9.77362 9.38947 11.2916 8.63559 9.87326 8.43654 8.27398 8.27145 7.77406 7.70906 9.29849
threshold=11.350000000000003 2.9500000000000006 36.850000000000001 5.4500000000000011 18.950000000000003 1.9500000000000002 73.750000000000014 7.4500000000000011 9.5000000000000018 2.5000000000000004 0.38893406184757018 1750.0000000000002 0 6.5000000000000009 1 119.85000000000001 1.5500000000000003 0.30156359187513049 497.00000000000006 5.5000000000000009 2.5000000000000004 435.00000000000006 11.500000000000002 77.500000000000014 2300.0000000000005 57.750000000000007 21.850000000000005 6.166666666666667 0.28012178583163522 0.34358710935766373
decision_type=2 2 2 2 2 2 2 2 2 2 8 2 1 2 9 2 2 8 2 2 10 2 2 10 2 2 2 10 10 10
left_child=1 5 4 9 17 16 -4 27 10 14 11 12 -7 -10 -3 -8 -1 20 24 22 -2 -22 23 -9 -13 -20 -6 -5 -14 -30
right_child=2 3 6 7 26 8 15 19 13 -11 -12 18 28 -15 -16 -17 -18 -19 25 -21 21 -23 -24 -25 -26 -27 -28 -29 29 -31
leaf_value=0.016106507453961617 -0.0049061100353198703 0.0045612565933264189 -0.012569932583133965 0.0013332228327898646 -0.0065216479152138563 0.012011556608597259 -0.015151253352021721 -0.0022504776818163836 0.012011556608597259 0.0034543013741721021 0.0072165612080379816 0.0072165612080379816 0.0072165612080379816 0.0072165612080379816 0.0062752620892035918 -0.017280257601099001 0.013310803256012462 -0.0059923546112319957 0.012011556608597259 0.00059078030880835135 -0.0059923546112319957 -0.0023785581419221795 0.00059078030880835135 0.00059078030880835135 0.012011556608597259 0.0072165612080379816 -0.0087863529736478835 0.0029181624104634403 0.012011556608597259 0.0072165612080379816
leaf_weight=214.60930827260017 253.99144741520286 712.46358016878366 638.27264860272408 750.10490786284208 215.74451091140509 208.11369030177593 371.03713320940733 543.42514521628618 377.773561604321 462.82770323753357 239.44642786681652 216.27602618932724 87.66197070479393 24.723313570022583 1405.7108060196042 744.31111053563654 419.08177317678928 148.65431351587176 86.208353966474533 159.19474402442575 49.921646282076836 494.26227038353682 206.41121284663677 86.664010122418404 24.957216292619705 16.937956511974335 638.7334291562438 205.55951301008463 47.011365354061127 38.233325153589249
leaf_count=274 1526 1296 6671 2638 1591 267 4349 2561 512 1353 354 295 127 40 2545 9332 559 999 107 645 346 2837 912 376 30 22 5417 667 53 56
internal_value=1.03063e-11 0.00567782 -0.0104349 0.00324505 -0.00587842 0.0111881 -0.0151154 0.000565113 0.0097655 0.00527121 0.00898616 0.00972294 0.0110839 0.0116337 0.00566821 -0.016572 0.0142576 -0.00377016 0.0082172 -0.000660389 -0.00331853 -0.00257755 -0.00115041 -0.00173203 0.00721656 0.0108245 -0.00821454 0.00184195 0.00885073 0.0110192
internal_weight=10088.3 6533.4 3554.93 4532.36 1801.31 2001.03 1753.62 1951.36 1367.34 2581 964.846 725.4 381.02 402.497 2118.17 1115.35 633.691 946.83 344.38 995.695 798.175 544.184 836.5 630.089 241.233 103.146 854.478 955.664 172.907 85.2447
internal_count=48757 15689 33068 12993 12716 2696 20352 7799 1863 5194 1311 957 503 552 3841 13681 833 5708 454 4494 4709 3183 3849 2937 325 129 7008 3305 236 109
cat_boundaries=0 1 2
cat_threshold=4 81
is_linear=0
shrinkage=0.01


Tree=6
num_leaves=31
num_cat=3
split_feature=14 14 14 14 14 14 14 14 13 7 15 0 9 5 5 19 14 14 11 19 18 0 14 14 8 16 12 19 13 0
split_gain=5494.18 902.624 591.883 274.842 85.938 72.351 46.3198 35.624 25.3732 19.5598 15.4821 14.7861 13.8176 13.2604 13.2105 12.1528 11.0135 10.2167 9.72814 9.09696 9.51106 8.87548 8.8037 8.68948 8.40262 8.16662 8.08352 8.0475 7.59896 7.59846
threshold=12.850000000000003 2.9500000000000006 40.850000000000001 5.7500000000000009 1.9500000000000002 20.650000000000002 119.85000000000001 8.6500000000000004 2.5000000000000004 9.5000000000000018 0.38893406184757018 1750.0000000000002 0 1 2 6.5000000000000009 68.450000000000017 1.5500000000000003 497.00000000000006 6.5000000000000009 96.500000000000014 2300.0000000000005 30.850000000000005 16.650000000000002 57.750000000000007 0.38924645358428483 1.5000000000000002 3.5000000000000004 1.5000000000000002 1450.0000000000002
decision_type=2 2 2 2 2 2 2 2 2 2 8 2 1 9 9 2 2 2 2 2 10 2 2 2 2 10 2 2 2 2
left_child=1 4 5 8 17 23 16 13 14 10 11 12 -6 26 19 28 -4 -1 21 20 -3 -13 -7 -2 -20 -16 -5 -9 -11 -28
right_child=2 3 6 7 9 22 -8 27 -10 15 -12 18 -14 -15 25 -17 -18 -19 24 -21 -22 -23 -24 -25 -26 -27 29 -29 -30 -31
leaf_value=0.015925358894995318 -0.0035567717071607334 0.004201233239468167 -0.012513970839759518 0.0024352542742993831 0.011822989696209596 -0.0078675734848681449 -0.017039039300734211 -0.0023890691699326289 0.0030114857851145462 0.011822989696209596 0.00690404533497096 0.00690404533497096 0.0086436202114662849 -0.0002771388833203656 0.0065090656020619642 0.00690404533497096 -0.014774598356908817 0.013172521843887128 0.011822989696209596 0.00690404533497096 0.00690404533497096 0.011822989696209596 -0.01004894712006071 -0.0056503421520958056 0.00690404533497096 0.004201233239468167 0.0023508411846696574 -0.00028362411168560446 0.0071038758881810261 -0.0002771388833203656
leaf_weight=203.38574261963367 475.08794808760285 837.96640745550394 452.26114531420171 503.2281780205667 199.47996427118778 504.0704678799957 709.75179224275053 517.58518746122718 566.3442961871624 328.04283294081688 233.33135633170605 211.67912925779819 167.69284898787737 258.0182264149189 1073.7245578095317 24.22874191403389 411.68482296355069 399.90339341759682 82.119205519556999 108.15606390684843 78.012419745326042 23.659576296806335 292.30008054152131 340.22895081155002 16.598602503538132 49.100021436810493 157.69855362921953 279.61320946365595 34.318605817854404 238.85508298128843
leaf_count=274 2924 1607 4940 1834 267 4282 9332 2732 1759 459 354 295 236 1072 1969 40 5014 559 107 191 129 30 2825 2442 22 104 584 1376 53 945
internal_value=4.99482e-12 0.00521041 -0.0107839 0.0028347 0.0109734 -0.00652441 -0.0151462 -2.38033e-05 0.00489431 0.0095454 0.00876282 0.00951413 0.0108992 0.00109632 0.00539098 0.0114372 -0.0135912 0.0141006 0.00799176 0.00436197 0.00420123 0.00690405 -0.00866823 -0.00443041 0.0106267 0.00623517 0.00168751 -0.0016506 0.011823 0.000634077
internal_weight=9778.13 6592.74 3185.39 4668.3 1924.44 1611.69 1573.7 1955 2713.3 1321.15 934.561 701.229 367.173 1157.8 2146.96 386.59 863.946 603.289 334.057 1024.13 915.979 235.339 796.371 815.317 98.7178 1122.82 899.782 797.198 362.361 396.554
internal_count=48757 16998 31759 14302 2696 12473 19286 8543 5759 1863 1311 957 503 4435 4000 552 9954 833 454 1927 1736 325 7107 5366 129 2073 3363 4108 512 1529
cat_boundaries=0 1 2 3
cat_threshold=4 275 83
is_linear=0
shrinkage=0.01


Tree=7
num_leaves=31
num_cat=3
split_feature=14 14 14 14 14 14 14 14 14 7 15 0 21 5 9 19 14 5 14 11 0 12 14 15 8 14 8 19 7 15
split_gain=5103.14 864.829 554.341 257.504 82.3864 68.0047 44.2143 27.9989 26.0805 19.9815 15.1934 15.1758 14.5318 13.1186 12.6937 12.4666 10.6025 10.4356 9.54179 9.32135 8.88906 8.42499 8.32305 8.32065 8.28799 8.04772 7.90791 10.6217 7.85996 7.48797
threshold=12.850000000000003 2.9500000000000006 40.850000000000001 6.0500000000000007 1.9500000000000002 20.650000000000002 119.85000000000001 4.4500000000000011 8.8500000000000032 9.5000000000000018 0.38893406184757018 1750.0000000000002 4.8333333333333348 0 1 6.5000000000000009 68.450000000000017 2 1.5500000000000003 497.00000000000006 2300.0000000000005 1.5000000000000002 30.850000000000005 0.23570505136011843 57.750000000000007 16.650000000000002 55.750000000000007 4.5000000000000009 5.5000000000000009 0.27650149175815403
decision_type=2 2 2 2 2 2 2 2 2 2 8 2 10 9 1 2 2 9 2 2 2 2 2 10 2 2 2 2 2 10
left_child=1 4 5 7 18 25 16 17 13 10 11 14 23 -5 -6 -11 -4 -3 -1 20 -13 -15 -7 28 -21 -2 27 -19 -9 -16
right_child=2 3 6 8 9 22 -8 12 -10 15 -12 19 -14 21 29 -17 -18 26 -20 24 -22 -23 -24 -25 -26 -27 -28 -29 -30 -31
leaf_value=0.0157522205656195 -0.0035177438518305625 0.0043617718852038872 -0.012294055944431266 -0.0004862382767290636 0.011672518526634002 -0.0077509933128803304 -0.016807133898616215 0.0021563165164511381 -0.0017217745350259336 0.011672518526634002 0.006769120146102172 0.006769120146102172 0.0043617718852038872 0.0021563165164511381 0.006769120146102172 0.006769120146102172 -0.01455660669937494 0.0043935748777833338 0.013032267119903351 0.011672518526634002 0.011672518526634002 0.00022566609574076849 -0.0099089171169537398 0.0021563165164511381 0.006769120146102172 -0.005561898983140713 0.006769120146102172 0.006769120146102172 0.0043617718852038872 0.010712384985474388
leaf_weight=194.31419993191957 462.8003971837461 807.37029609829187 435.69882594421506 223.37023828551173 192.33443406224251 488.47735474258661 680.97721367329359 95.518459178507328 732.55997962132096 347.94919999688864 227.25570406764746 207.88901256024837 376.11767802387476 457.12687949836254 80.303075835108757 23.849334895610809 394.77509171608835 366.63166906684637 383.56623731553555 78.809282943606377 22.669953495264053 343.87216005846858 281.87348161451519 435.85584044083953 16.341024965047836 329.8715724106878 483.88281715661287 76.918466940522194 185.5117766931653 83.111222788691521
leaf_count=274 2924 1499 4940 974 267 4282 9332 283 3869 512 354 295 985 1741 122 40 5014 732 559 107 30 1405 2825 1339 22 2442 876 116 483 114
internal_value=-3.19583e-12 0.00505815 -0.0106003 0.00272562 0.0108126 -0.00642471 -0.0149184 0.00459366 -0.000281027 0.00939818 0.00859915 0.00935666 0.00334006 0.000749298 0.0107846 0.0113511 -0.0133696 0.00538349 0.0139469 0.00779706 0.00676912 0.00139833 -0.00854058 0.0024595 0.0104316 -0.00436842 0.00621944 0.00526251 0.00394384 0.00859287
internal_weight=9517.6 6443.13 3074.47 4584.74 1858.39 1563.02 1511.45 2827.81 1756.93 1280.51 908.714 681.458 1093 1024.37 355.749 371.799 830.474 1734.8 577.88 325.709 230.559 800.999 770.351 716.886 95.1503 792.672 927.433 443.55 281.03 163.414
internal_count=48757 16998 31759 14302 2696 12473 19286 6313 7989 1863 1311 957 3090 4120 503 552 9954 3223 833 454 325 3146 7107 2105 129 5366 1724 848 766 236
cat_boundaries=0 1 2 3
cat_threshold=228 4 83
is_linear=0
shrinkage=0.01


Tree=8
num_leaves=31
num_cat=2
split_feature=14 14 14 14 14 14 14 14 13 7 15 0 5 19 9 14 17 14 14 11 0 8 15 15 19 11 21 16 13 16
split_gain=4763.03 828.196 520.71 243.367 79.9474 63.5731 42.3519 30.2313 22.89 19.2853 14.3678 15.2769 12.8125 12.1888 11.9629 10.0421 9.78868 9.70647 8.89954 8.87533 8.74773 8.19419 7.74192 7.56748 7.10214 7.01896 9.9048 7.81748 6.87216 6.74524
threshold=12.850000000000003 2.9500000000000006 40.850000000000001 5.7500000000000009 1.9500000000000002 21.850000000000005 73.750000000000014 8.0500000000000025 2.5000000000000004 9.5000000000000018 0.38893406184757018 1750.0000000000002 0 6.5000000000000009 1 16.650000000000002 1.5000000000000002 122.25000000000001 1.5500000000000003 497.00000000000006 2300.0000000000005 57.750000000000007 0.27650149175815403 0.34358710935766373 5.5000000000000009 477.00000000000006 6.416666666666667 0.16231076482538168 1.5000000000000002 0.34361760271668668
decision_type=2 2 2 2 2 2 2 2 2 2 8 2 9 2 1 2 10 2 2 2 2 2 10 10 2 2 10 10 2 10
left_child=1 4 5 8 18 15 -4 25 12 10 11 14 24 28 -6 -2 -9 -8 -1 20 -13 -21 -16 -24 -3 27 -27 -5 -11 -14
right_child=2 3 6 7 9 -7 17 16 -10 13 -12 19 29 -15 22 -17 -18 -19 -20 21 -22 -23 23 -25 -26 26 -28 -29 -30 -31
leaf_value=0.015583174471924624 -0.0034916283182762865 0.0039202626268195475 -0.012246846839443982 -0.00010887616400422511 0.011520998804663316 -0.0086242346022415046 -0.014515806563755299 -0.0027595092096241269 0.0027718576139133121 0.011520998804663316 0.0066375840785653419 0.0066375840785653419 0.0059887654583518314 0.0066375840785653419 0.0066375840785653419 -0.0056772294060141986 -0.00071728264586786231 -0.016606904106532944 0.012902656566879866 0.011520998804663316 0.011520998804663316 0.0066375840785653419 0.011520998804663316 0.0066582103430490496 0.0062617267617087911 -0.00010887616400422511 0.0022386376986130623 0.0022386376986130623 0.0066623027995379811 0.0039202626268195475
leaf_weight=186.41866851598024 452.13689008355141 576.65230514109135 473.90543156862259 72.397492960095406 186.08108432590961 674.75274647213519 338.68980708066374 276.88903183862567 547.83307207748294 307.07958786189556 222.09368137270212 204.33687923848629 1212.3174397870898 23.341079130768776 78.565973810851574 392.91388319619 670.2755353488028 644.17655490152538 369.08849570155144 75.960555657744408 21.826248019933701 16.096704065799713 45.287881121039391 34.247693717479706 131.9850161075592 322.74587631598115 101.35563109815121 443.40282423421741 29.673495158553123 165.53111139684916
leaf_count=274 2924 1123 5605 300 267 6483 4510 1464 1759 459 354 295 2295 40 122 3066 3461 9171 559 107 30 22 58 56 234 1326 367 1625 53 348
internal_value=2.78121e-12 0.00491128 -0.0104303 0.00262742 0.0106478 -0.00633541 -0.0147024 -0.000113748 0.00459102 0.00923981 0.00844555 0.0091937 0.00506867 0.0111907 0.0106539 -0.00450784 -0.0013746 -0.0158863 0.0138022 0.00761432 0.00663758 0.0102347 0.00848732 0.0107039 0.00392026 0.00115685 0.000203827 0.00194044 0.011521 0.00568871
internal_weight=9298.06 6321.48 2976.58 4521.39 1800.1 1519.8 1456.77 1887.07 2634.32 1244.59 884.497 662.403 2086.49 360.094 344.183 845.051 947.165 982.866 555.507 318.22 226.163 92.0573 158.102 79.5356 708.637 939.902 424.102 515.8 336.753 1377.85
internal_count=48757 16998 31759 14302 2696 12473 19286 8543 5759 1863 1311 957 4000 552 503 5990 4925 13681 833 454 325 129 236 114 1357 3618 1693 1925 512 2643
cat_boundaries=0 1 2
cat_threshold=81 4
is_linear=0
shrinkage=0.01


Tree=9
num_leaves=31
num_cat=3
split_feature=14 14 14 14 14 14 14 13 14 7 15 0 19 5 5 9 14 11 0 14 8 15 15 21 21 8 12 17 17 19
split_gain=4487.14 791.224 492.735 227.415 77.748 54.3204 48.0558 24.2028 24.0648 20.1479 14.1598 15.0281 12.3334 12.2951 12.271 11.8316 9.49836 8.36691 8.8643 8.31989 8.08554 7.69453 7.63915 7.44086 8.34658 9.75871 6.95171 6.86779 6.60438 6.56707
threshold=12.850000000000003 2.9500000000000006 36.850000000000001 6.0500000000000007 1.9500000000000002 73.750000000000014 18.950000000000003 2.5000000000000004 8.8500000000000032 9.5000000000000018 0.38893406184757018 1750.0000000000002 6.5000000000000009 0 1 2 171.25000000000003 497.00000000000006 2300.0000000000005 1.5500000000000003 57.750000000000007 0.28012178583163522 0.34358710935766373 4.5833333333333348 3.4166666666666674 55.750000000000007 1.5000000000000002 2.5000000000000004 9.5000000000000018 5.5000000000000009
decision_type=2 2 2 2 2 2 2 2 2 2 8 2 2 9 9 1 2 2 2 2 2 10 10 10 10 2 2 10 8 2
left_child=1 4 6 7 19 -4 27 13 14 10 11 15 -11 29 26 -6 -7 18 -13 -1 -19 -17 -23 24 25 -15 -5 -2 -10 -3
right_child=2 3 5 8 9 16 -8 -9 28 12 -12 17 -14 23 -16 21 -18 20 -20 -21 -22 22 -24 -25 -26 -27 -28 -29 -30 -31
leaf_value=0.015420091975126905 -0.0054574002174489194 0.0037626498859104429 -0.011748574292863126 0.002009442445266507 0.011379894925464443 -0.014770888948398349 -0.0076827380149474987 0.0026626476510617264 -0.0010341228857990803 0.011379894925464443 0.0065275693261897137 0.0065275693261897137 0.0065275693261897137 0.0043185297102995212 -0.00051790921695891382 0.0065275693261897137 -0.016776802768649953 0.011379894925464443 0.011379894925464443 0.012781747443467047 0.0065275693261897137 0.011379894925464443 0.0065275693261897137 0.0065275693261897137 0.0037626498859104429 0.0065179959920722346 0.00024189727542857831 -0.0032313276098713405 -0.0027360365253744647 0.0059941396410369066
leaf_weight=179.68102384358644 204.56232815422118 578.55998086929321 555.51362253353 438.73020780086517 181.34667320549488 518.78648378234357 755.22730676457286 657.10794443637133 477.87867593020201 324.66572140902281 218.26705070585012 201.32190485298634 23.004444539546967 359.65974378585815 223.64612030610442 79.951822400093079 433.15931447781622 73.599393829703331 21.413202077150345 357.00081401318312 15.932642161846159 41.434091508388519 33.646824538707733 344.3567260876298 215.23016637563705 459.37681356072426 327.0751048065722 429.75027340650558 230.38209241628647 135.04151433706284
leaf_count=274 1454 1162 6671 1723 267 7345 7008 2209 2565 512 354 295 40 734 1010 127 6336 107 30 559 22 53 56 686 437 848 1387 2945 1304 237
internal_value=9.42451e-12 0.00480191 -0.010274 0.00255982 0.0104953 -0.0142335 -0.00597842 0.00433684 -0.000317952 0.00909472 0.00827909 0.00903418 0.0111285 0.00486265 0.000689348 0.0105007 -0.0156836 0.00745439 0.00652757 0.0136651 0.0100406 0.00832887 0.0106444 0.00546923 0.00507753 0.00555215 0.00133882 -0.00394922 -0.00172517 0.00376265
internal_weight=9095.31 6198.31 2897 4447.05 1751.27 1507.46 1389.54 2749.33 1697.71 1214.58 866.914 648.647 347.67 2092.22 989.451 336.379 951.946 312.267 222.735 536.682 89.532 155.033 75.0809 1378.62 1034.27 819.037 765.805 634.313 708.261 713.601
internal_count=48757 16998 31759 14302 2696 20352 11407 6313 7989 1863 1311 957 552 4104 4120 503 13681 454 325 833 129 236 109 2705 2019 1582 3110 4399 3869 1399
cat_boundaries=0 1 2 3
cat_threshold=81 275 4
is_linear=0
shrinkage=0.01


Tree=10
num_leaves=31
num_cat=2
split_feature=14 14 14 14 14 14 14 14 7 13 15 0 19 9 5 14 17 11 0 8 14 14 15 15 14 21 19 11 21 16
split_gain=4229.14 755.855 470.844 218.899 76.1207 64.5736 34.2437 27.1143 19.7683 19.2635 13.9769 14.8672 12.1831 11.4391 11.2042 9.05053 8.8666 8.02823 8.69735 7.85692 7.80332 7.33763 7.30876 7.48551 7.19542 6.25214 6.14426 6.1208 8.75163 7.15099
threshold=12.850000000000003 2.9500000000000006 43.750000000000007 5.7500000000000009 1.9500000000000002 21.850000000000005 119.85000000000001 8.0500000000000025 9.5000000000000018 2.5000000000000004 0.38893406184757018 1750.0000000000002 6.5000000000000009 0 1 16.650000000000002 1.5000000000000002 497.00000000000006 2300.0000000000005 57.750000000000007 1.5500000000000003 30.850000000000005 0.28012178583163522 0.34358710935766373 68.450000000000017 4.5833333333333348 5.5000000000000009 477.00000000000006 6.416666666666667 0.16231076482538168
decision_type=2 2 2 2 2 2 2 2 2 2 8 2 2 1 9 2 10 2 2 2 2 2 10 10 2 10 2 2 10 10
left_child=1 4 5 9 20 15 24 27 10 14 11 13 -10 -6 26 -2 -9 18 -13 -19 -1 -7 -15 -24 -4 -16 -3 29 -29 -5
right_child=2 3 6 7 8 21 -8 16 12 -11 -12 17 -14 22 25 -17 -18 19 -20 -21 -22 -23 23 -25 -26 -27 -28 28 -30 -31
leaf_value=0.015246442370717575 -0.0033881613382116711 0.0037414870143757683 -0.011940541608866968 -0.00015424879825057442 0.011225136030875221 -0.007589743187115478 -0.016209936958847808 -0.0027144852585616395 0.011225136030875221 0.0026674767859254061 0.0064085510786559162 0.0064085510786559162 0.0064085510786559162 0.0064085510786559162 0.0050443380407807379 -0.0055129172516056955 -0.00074075601291606424 0.011225136030875221 0.011225136030875221 0.0064085510786559162 0.012650511010552746 -0.0096437754976204521 0.011225136030875221 0.0064085510786559162 -0.013969167418525882 0.0064085510786559162 0.0059001262419258044 -0.00015424879825057442 0.002107721401494414 0.002107721401494414
leaf_weight=173.90900798887014 432.65617376193404 558.89442129433155 342.43841813784093 69.39873918518424 176.72004796564579 383.45325568504632 615.66265982948244 265.38391430675983 316.36475114524364 525.29295280575752 214.89303560554981 198.61168769001961 22.6725013256073 78.428264424204826 1001.2599708214402 373.5669073741883 650.00256878882647 71.533519878983498 20.763850942254066 15.736907154321669 346.52933599054813 318.26877858303487 40.213872164487839 33.079055473208427 357.25359828956425 339.35394950211048 135.0729545801878 310.62608636915684 98.035900391638279 429.81114165484905
leaf_count=274 2924 1123 4246 300 267 3658 9332 1464 512 1759 354 295 40 127 1979 3066 3461 107 30 22 559 3519 53 56 5014 664 234 1326 367 1625
internal_value=8.1988e-12 0.00468836 -0.0101173 0.00248871 0.0103284 -0.00630326 -0.0144898 -0.000159275 0.00893231 0.00437472 0.00811796 0.00888072 0.0109739 0.0103591 0.0048155 -0.00437268 -0.00137374 0.00729725 0.00640855 0.00986895 0.013518 -0.00852136 0.00819807 0.010483 -0.0129763 0.00540717 0.00374149 0.00106524 0.000157733 0.00180815
internal_weight=8915.89 6092.59 2823.3 4383.13 1709.46 1507.95 1315.35 1823.26 1189.02 2559.87 849.98 635.087 339.037 328.441 2034.58 806.223 915.386 306.646 219.376 87.2704 520.438 701.722 151.721 73.2929 699.692 1340.61 693.967 907.872 408.662 499.21
internal_count=48757 16998 31759 14302 2696 13167 18592 8543 1863 5759 1311 957 552 503 4000 5990 4925 454 325 129 833 7177 236 109 9260 2643 1357 3618 1693 1925
cat_boundaries=0 1 2
cat_threshold=4 81
is_linear=0
shrinkage=0.01


Tree=11
num_leaves=31
num_cat=2
split_feature=14 14 14 14 14 14 14 7 13 14 15 0 19 9 5 18 14 16 11 0 8 14 15 15 17 11 13 19 14 16
split_gain=4009.81 664.79 540.843 163.942 74.7117 56.538 55.1377 19.3059 17.8521 15.766 13.2542 14.5771 11.8795 11.1961 10.0002 9.11506 9.08893 8.43835 7.51781 8.06988 7.51352 7.31859 6.96428 7.32691 6.87798 7.26852 6.36127 6.03999 5.7342 5.71136
threshold=11.350000000000003 2.9500000000000006 35.550000000000004 5.7500000000000009 1.9500000000000002 18.950000000000003 73.750000000000014 9.5000000000000018 2.5000000000000004 8.0500000000000025 0.38893406184757018 1750.0000000000002 6.5000000000000009 0 1 21.500000000000004 171.25000000000003 0.30156359187513049 497.00000000000006 2300.0000000000005 57.750000000000007 1.5500000000000003 0.28012178583163522 0.34358710935766373 2.5000000000000004 435.00000000000006 1.5000000000000002 5.5000000000000009 46.250000000000007 0.38924645358428483
decision_type=2 2 2 2 2 2 2 2 2 2 8 2 2 1 9 10 2 8 2 2 2 2 10 10 8 2 2 2 2 10
left_child=1 4 5 8 21 17 28 10 14 -5 11 13 26 -6 27 -11 -8 24 19 -13 -20 -1 -15 -24 -2 -26 -9 -3 -4 -16
right_child=2 3 6 9 7 -7 16 12 -10 15 -12 18 -14 22 29 -17 -18 -19 20 -21 -22 -23 23 -25 25 -27 -28 -29 -30 -31
leaf_value=0.015083718004619977 -0.0054264856530912694 0.0036525336816308307 -0.010056143114763563 0.0010358315706070424 0.011081835043611557 -0.0073642791017355892 -0.014397275358724967 0.011081835043611557 0.0026100310294998202 -0.0022838473443047911 0.0064326230045307266 0.0064326230045307266 0.0064326230045307266 0.0064326230045307266 0.0054640560283876873 2.6546737740556561e-05 -0.01641747119583585 -0.0054264856530912694 0.011081835043611557 0.011081835043611557 0.0064326230045307266 0.01253201971169815 0.011081835043611557 0.0064326230045307266 -0.0054264856530912694 -0.0023616528881975677 0.0064326230045307266 0.0057929402516930916 -0.012129910530420882 0.0036525336816308307
leaf_weight=168.62419223040342 64.343851502984762 552.23308546841145 219.13643742259592 892.04577118530869 172.67575472593307 690.96805020980537 489.2298329481855 282.4550512060523 515.8650307841599 301.16260806843638 211.77583230286837 196.09178088605404 22.39124396443367 77.254339210689068 1271.1994568184018 382.16554813832045 408.78779665194452 130.73854124173522 69.709391251206398 20.177099570631981 15.567266345024107 337.1088859513402 39.168149188160896 32.604052260518074 60.786762956529856 570.9819096699357 26.556950710713863 134.23333315551281 340.55353290308267 55.789335407316685
leaf_count=274 485 1123 2639 3618 267 6653 7345 459 1759 1653 354 295 40 127 2515 1963 6336 999 107 30 22 559 53 56 467 3757 53 234 4387 128
internal_value=-2.31939e-11 0.00485775 -0.0094311 0.00269256 0.0101727 -0.005253 -0.0137815 0.00878085 0.00426979 0.000160265 0.00797036 0.00873366 0.010823 0.0102143 0.00469504 -0.000982738 -0.0153169 -0.00348869 0.00715403 0.00643262 0.00969698 0.0133828 0.00805902 0.0103308 -0.00304479 -0.00271744 0.0110818 0.00365253 -0.011318 0.00526009
internal_weight=8752.38 5776.85 2975.53 4104.69 1672.16 1517.82 1457.71 1166.43 2529.32 1575.37 835.024 623.248 331.403 321.702 2013.46 683.328 898.018 826.851 301.546 216.269 85.2767 505.733 149.027 71.7722 696.113 631.769 309.012 686.466 559.69 1326.99
internal_count=48757 15689 33068 12993 2696 12361 20707 1863 5759 7234 1311 957 552 503 4000 3616 13681 5708 454 325 129 833 236 109 4709 4224 512 1357 7026 2643
cat_boundaries=0 1 2
cat_threshold=4 81
is_linear=0
shrinkage=0.01


Tree=12
num_leaves=31
num_cat=3
split_feature=14 14 14 14 14 14 14 14 7 13 15 0 19 9 5 5 14 11 0 8 12 14 14 15 15 14 21 14 11 11
split_gain=3810.56 695.646 431.819 194.645 72.3366 58.4394 32.1004 25.0274 20.0222 16.2208 13.3064 14.3846 11.9807 11.0995 9.45455 9.28261 8.16425 7.30464 8.3373 7.49623 7.05217 6.94525 6.77923 6.72563 7.19388 6.50388 5.9325 6.587 6.13378 11.4073
threshold=12.850000000000003 2.9500000000000006 43.750000000000007 5.7500000000000009 1.9500000000000002 21.850000000000005 119.85000000000001 8.8500000000000032 9.5000000000000018 2.5000000000000004 0.38893406184757018 1750.0000000000002 6.5000000000000009 0 1 2 16.650000000000002 497.00000000000006 2300.0000000000005 57.750000000000007 1.5000000000000002 1.5500000000000003 30.850000000000005 0.28012178583163522 0.34358710935766373 68.450000000000017 4.5833333333333348 4.0500000000000007 511.00000000000006 463.00000000000006
decision_type=2 2 2 2 2 2 2 2 2 2 8 2 2 1 9 9 2 2 2 2 2 2 2 10 10 2 10 2 2 2
left_child=1 4 5 9 21 16 25 14 10 15 11 13 -10 -6 20 -3 -2 18 -13 -19 -5 -1 -7 -15 -25 -4 28 -28 29 -17
right_child=2 3 6 7 8 22 -8 -9 12 -11 -12 17 -14 23 -16 26 -18 19 -20 -21 -22 -23 -24 24 -26 -27 27 -29 -30 -31
leaf_value=0.014931566251350335 -0.0033156569657407137 0.0035752906482267501 -0.011643480370861851 0.0020027527123846955 0.010957787948690423 -0.0073779554637288178 -0.015865960473932277 -0.0016799248164864591 0.010957787948690423 0.0025734048893356941 0.006210027994791467 0.006210027994791467 0.006210027994791467 0.006210027994791467 -0.00045500360582250321 0.0057867803908866911 -0.005371101979693399 0.010957787948690423 0.010957787948690423 0.006210027994791467 0.0002466989060379311 0.01241101979914655 -0.0093936608377426564 0.010957787948690423 0.006210027994791467 -0.013622126004564519 0.006210027994791467 0.0039838625352098941 0.006210027994791467 0.0035752906482267501
leaf_weight=163.87201727926731 418.58375992625952 678.98631597310305 325.9740376919508 481.07832107320428 168.66260800510645 369.45337517280132 583.4819805752486 674.55513047799468 301.05106537044048 506.72120201960206 208.80401323735714 193.72876287996769 22.078038826584816 76.059598013758659 247.06028717011213 361.73708670586348 358.96162882819772 68.083238616585732 19.62367707490921 15.406325489282606 364.04022693634033 328.39051787555218 304.25606056861579 38.194977045059204 32.146186858415604 338.77464795298874 199.20694401115179 133.76645942777395 138.76091632992029 480.35939112305641
leaf_count=274 2924 1357 4246 1937 267 3658 9332 3869 512 1759 354 295 40 127 1144 706 3066 107 30 22 1593 559 3519 53 56 5014 342 322 263 1010
internal_value=-1.15914e-12 0.00450117 -0.00984172 0.00237518 0.0100449 -0.00613248 -0.0141543 -0.000165455 0.00866548 0.00417096 0.00783531 0.00860116 0.010774 0.0100894 0.000769918 0.00457718 -0.00426457 0.00702157 0.00621003 0.00954031 0.00128479 0.0132501 -0.00828827 0.00792389 0.0101692 -0.0126519 0.0051262 0.00621003 0.00477231 0.00443915
internal_weight=8601.86 5902.37 2699.49 4266.27 1636.1 1451.25 1248.23 1766.73 1143.84 2499.54 820.709 611.905 323.129 315.063 1092.18 1992.82 777.545 296.842 213.352 83.4896 845.119 492.263 673.709 146.401 70.3412 664.749 1313.83 332.973 980.857 842.096
internal_count=48757 16998 31759 14302 2696 13167 18592 8543 1863 5759 1311 957 552 503 4674 4000 5990 454 325 129 3530 833 7177 236 109 9260 2643 664 1979 1716
cat_boundaries=0 1 2 3
cat_threshold=4 275 81
is_linear=0
shrinkage=0.01


Tree=13
num_leaves=31
num_cat=3
split_feature=14 14 14 14 14 14 14 14 7 13 15 0 19 9 5 5 14 7 11 0 8 0 14 15 21 14 16 18 14 20
split_gain=3633.81 668.562 413.48 189.24 70.506 56.2398 30.7973 23.2185 19.5456 17.206 12.9497 14.2541 11.6666 10.6808 10.5306 9.75879 8.27567 7.21634 6.88635 8.19117 7.38624 6.88438 6.56316 6.4922 6.9135 6.2025 6.08914 6.06622 5.79698 5.61984
threshold=12.850000000000003 2.9500000000000006 43.750000000000007 5.7500000000000009 1.9500000000000002 20.650000000000002 119.85000000000001 8.6500000000000004 9.5000000000000018 2.5000000000000004 0.38893406184757018 1750.0000000000002 6.5000000000000009 0 1 2 30.850000000000005 6.5000000000000009 497.00000000000006 2300.0000000000005 57.750000000000007 1650.0000000000002 1.5500000000000003 0.27650149175815403 2.8333333333333335 68.450000000000017 0.34361760271668668 91.500000000000014 16.050000000000004 0.40833333333333338
decision_type=2 2 2 2 2 2 2 2 2 2 8 2 2 1 9 9 2 2 2 2 2 2 2 10 8 2 10 8 2 8
left_child=1 4 5 9 22 27 25 15 10 14 11 13 -10 -6 29 17 -7 -5 19 -13 -20 -9 -1 -15 -25 -4 -16 28 -2 -3
right_child=2 3 6 7 8 16 -8 21 12 -11 -12 18 -14 23 26 -17 -18 -19 20 -21 -22 -23 -24 24 -26 -27 -28 -29 -30 -31
leaf_value=0.01477787229176712 -0.0026535085084661912 0.0050523962629535329 -0.01151149980901133 0.00016962278789549421 0.010830613558436094 -0.0071229499433988911 -0.015692118769382694 -0.00064342322827194254 0.010830613558436094 0.0024501251147331475 0.0061187119286874149 0.0061187119286874149 0.0061187119286874149 0.0061187119286874149 0.0053965705354106679 -0.00041260240085846836 -0.0092940435209702028 0.001955790311013463 0.010830613558436094 0.010830613558436094 0.0061187119286874149 -0.0026139018086840881 0.012295081485919327 0.0061187119286874149 0.010830613558436094 -0.013465851124370716 0.0034877409017748245 -0.0054819224650412895 -0.0045812540052490745 0.0034877409017748245
leaf_weight=159.47977313399315 255.88061817735434 235.96105368435383 318.78945266269147 328.31393218412995 165.18924820423126 428.31806070357561 569.7768669500947 370.66144604608417 294.66086236387491 500.95815302431583 205.6043856292963 191.37363225221634 21.753535032272339 72.301862701773643 1144.6569069325924 230.01687439158559 297.52394895162433 478.32002134621143 66.547455787658691 19.136798590421677 15.250050097703932 339.89192840829492 320.32726036012173 17.940854206681252 53.599684357643127 331.00324286427349 153.59213864058256 205.69307459518313 237.70477725192904 439.04447424411774
leaf_count=274 1780 429 4246 1397 267 4282 9332 2099 512 1759 354 295 40 122 2295 1072 3519 1966 107 30 22 2009 559 35 79 5014 348 1627 1959 928
internal_value=2.643e-12 0.0044138 -0.00972082 0.00232596 0.00991147 -0.00606304 -0.0139951 -0.0001936 0.00854091 0.00410518 0.00771492 0.00847933 0.0106474 0.0099767 0.00452536 0.000760793 -0.00801289 0.00130407 0.00689629 0.00611871 0.00937132 -0.001586 0.0131203 0.00783196 0.00998866 -0.012507 0.00510478 -0.00403913 -0.00343786 0.00348774
internal_weight=8469.27 5824.58 2644.69 4221.42 1603.17 1425.12 1219.57 1747.2 1123.36 2474.21 806.944 601.34 316.414 309.032 1973.25 1036.65 725.842 806.634 292.308 210.51 81.7975 710.553 479.807 143.842 71.5405 649.793 1298.25 699.278 493.585 675.006
internal_count=48757 16998 31759 14302 2696 13167 18592 8543 1863 5759 1311 957 552 503 4000 4435 7801 3363 454 325 129 4108 833 236 114 9260 2643 5366 3739 1357
cat_boundaries=0 1 2 3
cat_threshold=4 81 275
is_linear=0
shrinkage=0.01


Tree=14
num_leaves=31
num_cat=2
split_feature=14 14 14 14 14 14 14 7 14 15 0 19 9 5 12 11 20 10 11 14 21 7 16 16 6 11 0 15 15 15
split_gain=3467.97 592.966 478.425 145.808 68.7463 48.9609 48.5539 18.9414 18.1197 12.3393 14.0572 11.3269 10.1778 9.70002 8.83879 14.5762 10.037 10.8746 8.62852 8.41352 7.39611 7.55654 8.86554 7.35856 7.29107 7.21274 7.08581 6.56095 6.52228 6.5311
threshold=11.350000000000003 2.9500000000000006 35.550000000000004 5.4500000000000011 1.9500000000000002 18.950000000000003 73.750000000000014 9.5000000000000018 7.4500000000000011 0.38893406184757018 1750.0000000000002 6.5000000000000009 0 1 -1.4999999999999998 497.00000000000006 0.63068181818181823 4.5000000000000009 531.00000000000011 171.25000000000003 4.8333333333333348 1.5000000000000002 0.38253108089618754 0.30156359187513049 6.5000000000000009 463.00000000000006 1950.0000000000002 0.37957370951124791 0.28012178583163522 0.34358710935766373
decision_type=2 2 2 2 2 2 2 2 2 8 2 2 1 9 2 2 8 2 2 2 10 2 8 8 2 2 2 10 10 10
left_child=1 4 5 13 -1 23 -4 9 -5 10 12 -9 -6 20 16 -16 17 -15 -17 -8 21 -3 -23 -2 -19 -10 -18 -12 -14 -30
right_child=2 3 6 8 7 -7 19 11 25 -11 27 -13 28 14 15 18 26 24 -20 -21 -22 22 -24 -25 -26 -27 -28 -29 29 -31
leaf_value=0.012989803344859862 -0.0029537442005447383 0.0022257355670885809 -0.010935707861698099 0.0013422490508401036 0.010704310294771136 -0.0070781740856084973 -0.013903772753702538 0.010704310294771136 0.00030276568424035262 0.0061526136367781835 0.0063733194606021924 0.0061526136367781835 0.0061526136367781835 0.0061526136367781835 0.0022257355670885809 0.0057246653905843039 0.0022257355670885809 0.0022257355670885809 0.0022257355670885809 -0.015918859326980839 0.0061526136367781835 0.0050206285436489575 0.0022257355670885809 -0.0052278565009386425 0.0061526136367781835 -0.0014538584301130985 0.0061526136367781835 0.010704310294771136 0.010704310294771136 0.0061526136367781835
leaf_weight=468.59145095199347 664.25247802399099 53.872553192079067 523.4634468043223 824.56194236129522 162.04745225608349 654.12829135730863 455.85174221452326 289.02426097542048 320.46211964264512 202.89217040687799 270.96763832122087 21.495143428444862 73.850621722638607 202.27857433259487 495.36564809828997 205.75236976146698 141.76926676183939 38.606586612761021 29.460186272859573 379.85937232151628 264.80607165396214 769.96916384249926 31.772593326866627 124.19371676072478 14.756017819046972 532.38587038591504 40.672317117452621 17.215609669685364 36.54714173078537 30.658224388957024
leaf_count=833 4709 134 7026 3305 267 6653 7345 512 1644 354 431 40 127 387 1192 431 330 90 69 6336 612 1741 91 999 27 2850 90 23 53 56
internal_value=-7.17112e-12 0.00458546 -0.00906665 0.00252498 0.00978025 -0.00505557 -0.0133238 0.00841882 0.000285237 0.00760003 0.00836638 0.0105129 0.00986983 0.00416623 0.00339135 0.00274693 0.00454344 0.00582214 0.00487918 -0.0148197 0.00490048 0.00448631 0.00475478 -0.00337754 0.00222574 -0.000736718 0.00275169 0.00678509 0.00775274 0.0100358
internal_weight=8341.53 5539.78 2801.75 3966.49 1573.29 1442.57 1359.17 1104.7 1677.41 794.179 591.287 310.519 303.103 2289.08 1168.66 730.578 438.083 255.641 235.213 835.711 1120.42 855.614 801.742 788.446 53.3626 852.848 182.442 288.183 141.056 67.2054
internal_count=48757 15689 33068 12993 2696 12361 20707 1863 7799 1311 957 552 503 5194 2616 1692 924 504 500 13681 2578 1966 1832 5708 117 4494 420 454 236 109
cat_boundaries=0 1 2
cat_threshold=4 388
is_linear=0
shrinkage=0.01


Tree=15
num_leaves=31
num_cat=1
split_feature=14 14 14 14 14 14 14 13 7 14 15 0 19 9 14 18 16 18 10 6 7 11 15 14 16 11 0 8 17 14
split_gain=3324.49 572.643 460.049 143.993 66.9872 50.1502 43.2048 18.6431 18.013 13.572 11.8339 13.3336 10.9702 10.0195 8.37759 8.07472 7.04792 6.43925 6.24864 16.7153 11.1287 9.41955 8.88648 8.75845 7.49506 6.24139 7.54954 7.16083 6.1097 6.32326
threshold=11.350000000000003 2.9500000000000006 36.850000000000001 5.7500000000000009 1.9500000000000002 18.950000000000003 73.750000000000014 2.5000000000000004 9.5000000000000018 8.0500000000000025 0.38893406184757018 1750.0000000000002 6.5000000000000009 0 122.25000000000001 21.500000000000004 0.30156359187513049 44.500000000000007 3.5000000000000004 5.5000000000000009 8.5000000000000018 491.00000000000006 0.1794357128421076 3.7500000000000004 0.19479073791007598 497.00000000000006 2300.0000000000005 57.750000000000007 2.5000000000000004 14.65
decision_type=2 2 2 2 2 2 2 2 2 2 8 2 2 1 2 10 8 8 2 2 2 2 8 2 8 2 2 2 8 2
left_child=1 4 5 7 -1 16 -4 18 10 -5 11 13 -10 -6 -8 -11 28 -15 19 24 -20 23 -21 -22 -3 26 -13 -27 -2 -30
right_child=2 3 6 9 8 -7 14 -9 12 15 -12 25 -14 17 -16 -17 -18 -19 20 22 21 -23 -24 -25 -26 27 -28 -29 29 -31
leaf_value=0.012874939733211355 -0.0052209473883174208 0.0039274426186475002 -0.010909896878557651 0.00087577713377041868 0.010595093182400097 -0.0070848257547855018 -0.013281791130564789 0.0022454104052872827 0.010595093182400097 -0.0022253980047114018 0.0060732118021935297 0.0060732118021935297 0.0060732118021935297 0.0060732118021935297 -0.015410425896494251 -8.3907249844126854e-05 -0.0052209473883174208 0.0096950166578209304 0.0033364971472753767 0.0060732118021935297 0.0060732118021935297 0.0060732118021935297 0.0033364971472753767 0.0033364971472753767 0.0060732118021935297 0.010595093182400097 0.010595093182400097 0.0060732118021935297 -0.0022253980047114018 -0.0038246834780477474
leaf_weight=457.81540258973837 60.152774479240179 176.01285675168037 485.78606425691396 852.22877334430814 159.16504654288292 673.32625196129084 282.45465616229922 490.74505736678839 283.81062167882919 284.47091396152973 199.32059262692928 186.9536871984601 21.186673671007156 64.061444714665413 535.27783239353448 364.46107580140233 122.11699922010303 74.933769762516022 377.15922776609659 79.390797443687916 63.84718694537878 142.21576784551144 423.07955284416676 97.586194954812527 576.77560405433178 64.471917912364006 18.53668412566185 15.214056044816969 311.37470717728138 284.11412207409739
leaf_count=833 485 366 6671 3618 267 7008 4510 1759 512 1653 354 295 40 115 9171 1963 999 121 796 157 103 270 921 215 1172 107 30 22 2007 2217
internal_value=5.88424e-12 0.00450934 -0.00896014 0.00248046 0.00966597 -0.00508681 -0.013272 0.00398631 0.00831525 4.60593e-05 0.00751189 0.00826539 0.0103768 0.00974398 -0.0146752 -0.00104359 -0.00335707 0.00763496 0.00442758 0.00484597 0.00365617 0.00530984 0.00343352 0.00344053 0.00578875 0.00671949 0.00607321 0.00912726 -0.00294146 -0.00262346
internal_weight=8228.05 5473.44 2754.6 3927.97 1545.47 1451.08 1303.52 2426.81 1087.65 1501.16 782.657 583.337 304.997 298.16 817.732 648.932 777.759 138.995 1936.07 1255.26 680.808 303.649 502.47 161.433 752.788 285.176 205.49 79.686 655.642 595.489
internal_count=48757 15689 33068 12993 2696 12716 20352 5759 1863 7234 1311 957 552 503 13681 3616 5708 236 4000 2616 1384 588 1078 318 1538 454 325 129 4709 4224
cat_boundaries=0 1
cat_threshold=4
is_linear=0
shrinkage=0.01


Tree=16
num_leaves=31
num_cat=1
split_feature=14 14 14 14 14 14 14 7 14 15 0 19 13 9 14 21 10 8 19 7 18 11 20 20 16 14 13 6 18 15
split_gain=3196.94 550.849 441.731 140.912 65.2491 45.8721 44.3463 17.1439 16.5175 11.4949 13.2673 10.7592 10.1676 9.38286 8.13385 7.74505 11.6263 8.45491 7.45849 6.69711 6.63969 6.61995 8.03133 9.94535 7.35894 6.27271 6.22895 6.0706 6.90662 6.27859
threshold=11.350000000000003 2.9500000000000006 35.550000000000004 5.4500000000000011 1.9500000000000002 73.750000000000014 17.950000000000003 9.5000000000000018 8.0500000000000025 0.38893406184757018 1750.0000000000002 6.5000000000000009 2.5000000000000004 0 122.25000000000001 4.5833333333333348 3.5000000000000004 55.250000000000007 5.5000000000000009 11.500000000000002 44.500000000000007 511.00000000000006 0.44949494949494956 0.14835164835164838 0.2727089599018272 21.850000000000005 1.5000000000000002 1.5000000000000002 27.500000000000004 0.37957370951124791
decision_type=2 2 2 2 2 2 2 2 2 8 2 2 2 1 2 10 2 2 2 2 8 2 8 10 8 2 2 2 8 10
left_child=1 4 6 12 -1 -4 -2 9 -5 10 13 26 15 -6 -7 21 -17 -18 19 -10 -15 22 23 -3 -23 -8 -9 28 -12 -29
right_child=2 3 5 8 7 14 25 11 18 -11 27 -13 -14 20 -16 16 17 -19 -20 -21 -22 24 -24 -25 -26 -27 -28 29 -30 -31
leaf_value=0.012759753921087958 -0.003174849631947738 0.0034876519254520445 -0.010681235668976647 0.0010267633825999816 0.010486930552464817 -0.013139926944480327 -0.0053912115002176901 0.010486930552464817 -0.002204933220406065 0.0060031906451637933 0.0060031906451637933 0.0060031906451637933 0.0025920532343704085 0.0060031906451637933 -0.015257174851777376 0.0060031906451637933 0.0060031906451637933 0.0034876519254520445 -1.8275574377655397e-06 -1.8275574377655397e-06 0.0097275353204220698 0.0034876519254520445 0.0034876519254520445 0.0060031906451637933 0.0060031906451637933 -0.0073938064654488472 0.0060031906451637933 0.0060031906451637933 0.010486930552464817 0.010486930552464817
leaf_weight=447.92495879530907 698.20170671865344 51.381771244108677 506.4263511383906 996.98108092695475 156.44879688322544 277.31692783907056 234.0344552192837 254.38531979173422 403.56347899511456 196.57035797089338 13.269336074590681 20.934300348162651 381.85950277000666 63.247369989752769 524.86993799265474 322.4445409476757 43.712193086743355 170.77560546994209 106.98388415202498 130.84519666060805 72.82763797044754 101.40885424613953 946.1427840590477 128.64091186970472 98.561965391039848 471.58441997505724 24.538586340844631 217.55222652852535 34.580920785665512 16.018863767385483
leaf_count=833 5106 111 7026 4183 267 4510 2193 459 2368 354 23 40 1353 115 9171 635 73 356 529 719 121 207 2048 235 176 5062 53 362 48 21
internal_value=6.0238e-12 0.00444802 -0.00885789 0.00245123 0.00955515 -0.0130376 -0.00496162 0.00821411 0.000221415 0.0074246 0.00817464 0.0102428 0.00407857 0.0096659 -0.0145252 0.00438325 0.00539654 0.00348765 -0.00103042 -0.00163445 0.00759825 0.00397299 0.00367526 0.00565132 0.00564967 -0.0067296 0.0104869 0.00662454 0.00987066 0.00600319
internal_weight=8114.03 5401.6 2712.43 3883.3 1518.3 1308.61 1403.82 1070.37 1638.37 770.516 573.945 299.858 2244.93 292.524 802.187 1863.07 536.932 214.488 641.393 534.409 136.075 1326.14 1126.17 180.023 199.971 705.619 278.924 281.421 47.8503 233.571
internal_count=48757 15689 33068 12993 2696 20707 12361 1863 7799 1311 957 552 5194 503 13681 3841 1064 429 3616 3087 236 2777 2394 346 383 7255 512 454 71 383
cat_boundaries=0 1
cat_threshold=4
is_linear=0
shrinkage=0.01


Tree=17
num_leaves=31
num_cat=2
split_feature=14 14 14 14 14 14 14 7 13 14 15 0 19 9 14 18 5 19 18 11 0 8 18 14 0 11 16 21 14 15
split_gain=3072 536.505 426.589 136.687 62.2143 44.7753 42.9646 16.8314 16.1913 11.9012 11.1503 12.6334 10.618 9.0258 7.88321 7.24821 7.13125 8.55191 6.80248 6.2282 7.19183 6.5464 6.16878 5.93243 5.73393 5.44793 6.20395 6.1414 5.39954 5.2344
threshold=11.350000000000003 2.9500000000000006 35.550000000000004 5.7500000000000009 1.9500000000000002 73.750000000000014 17.950000000000003 9.5000000000000018 2.5000000000000004 8.0500000000000025 0.38893406184757018 1750.0000000000002 6.5000000000000009 0 122.25000000000001 21.500000000000004 1 5.5000000000000009 44.500000000000007 497.00000000000006 2300.0000000000005 57.750000000000007 96.500000000000014 21.850000000000005 1850.0000000000002 477.00000000000006 0.16231076482538168 6.416666666666667 1.5500000000000003 0.38670782230091
decision_type=2 2 2 2 2 2 2 2 2 2 8 2 2 1 2 10 9 2 8 2 2 2 10 2 2 2 10 10 2 10
left_child=1 4 6 8 28 -4 -2 10 16 25 11 13 -9 -6 -7 -11 17 22 -15 20 -13 -21 -3 -8 29 26 -5 -27 -1 -19
right_child=2 3 5 9 7 14 23 12 -10 15 -12 19 -14 18 -16 -17 -18 24 -20 21 -22 -23 -24 -25 -26 27 -28 -29 -30 -31
leaf_value=0.014217438833891179 -0.0031331462592277754 0.0032788835284216079 -0.010549719872945198 -0.00010948243199582451 0.01040595732178333 -0.013002927789911698 -0.0053415213089096879 0.01040595732178333 0.0022470987663747483 -0.0021797529645650594 0.0059476746752044072 0.0059476746752044072 0.0059476746752044072 0.0059476746752044072 -0.015105685700236619 -0.00010948243199582451 0.0049848574818795108 0.0059476746752044072 0.0097397176300428462 0.01040595732178333 0.01040595732178333 0.0059476746752044072 0.0059476746752044072 -0.0073021623410605939 0.0032788835284216079 -0.00010948243199582451 0.001956926116694113 0.001956926116694113 0.011863084790420609 0.0032788835284216079
leaf_weight=146.2039884403348 690.9091000854969 668.83327337354422 499.02173484675586 64.149035673588514 153.65821800380945 272.63469506241381 230.78760319110006 273.13476664572954 475.53580383211374 276.89334530383348 193.55334138125181 181.4158757776022 20.686187103390694 62.567833125591278 515.20829063747078 356.13433964923024 989.8951159119606 136.6157932728529 70.903042793273926 62.431304261088371 17.926172941923141 14.607880234718321 63.032601706683636 465.80045769829303 24.629913620650768 286.73596221208572 395.95930033922195 90.532234579324722 291.89441737532616 14.108551546931265
leaf_count=274 5106 1458 7026 300 267 4510 2193 512 1759 1653 354 295 40 115 9171 1963 2073 252 121 107 30 22 123 5062 59 1326 1625 367 559 35
internal_value=-2.36395e-12 0.00438688 -0.00874638 0.00241242 0.00948293 -0.0128935 -0.00490007 0.00816313 0.00389708 1.67724e-05 0.00737471 0.00811899 0.0101946 0.009588 -0.014378 -0.00101796 0.00431067 0.00348172 0.0075421 0.00659285 0.00594767 0.00904247 0.00327888 -0.00665258 0.00555439 0.000798992 0.00152937 -9.17669e-05 0.0126488 0.00594767
internal_weight=8006.4 5332.04 2674.36 3843.06 1488.98 1286.86 1387.5 1050.88 2372.65 1470.4 757.064 563.51 293.821 287.129 787.843 633.028 1897.12 907.22 133.471 276.381 199.342 77.0392 731.866 696.588 175.354 837.377 460.108 377.268 438.098 150.724
internal_count=48757 15689 33068 12993 2696 20707 12361 1863 5759 7234 1311 957 552 503 13681 3616 4000 1927 236 454 325 129 1581 7255 346 3618 1925 1693 833 287
cat_boundaries=0 1 2
cat_threshold=4 83
is_linear=0
shrinkage=0.01


Tree=18
num_leaves=31
num_cat=2
split_feature=14 14 14 14 14 14 14 7 13 19 14 15 0 19 9 14 19 18 16 5 19 18 17 8 11 0 8 14 0 7
split_gain=2950.18 519.167 411.318 131.964 60.4703 44.1927 40.1778 16.2039 15.157 11.6695 13.407 10.8235 12.5974 10.3862 8.42513 7.67904 7.48495 6.6564 6.46741 6.39522 7.52693 6.21677 6.16972 6.63831 5.95785 7.07567 6.40389 5.712 5.62049 7.79558
threshold=11.350000000000003 2.9500000000000006 36.850000000000001 5.7500000000000009 1.9500000000000002 18.950000000000003 73.750000000000014 9.5000000000000018 2.5000000000000004 5.5000000000000009 8.0500000000000025 0.38893406184757018 1750.0000000000002 6.5000000000000009 0 171.25000000000003 8.5000000000000018 44.500000000000007 0.30156359187513049 1 5.5000000000000009 96.500000000000014 2.5000000000000004 55.750000000000007 497.00000000000006 2300.0000000000005 57.750000000000007 14.65 1950.0000000000002 3.5000000000000004
decision_type=2 2 2 2 2 2 2 2 2 2 2 8 2 2 1 2 2 8 8 9 2 10 10 2 2 2 2 2 2 2
left_child=1 4 5 8 -1 18 -4 11 19 10 28 12 14 -9 -6 -8 -11 -16 27 20 21 -3 -22 -24 25 -14 -26 -2 29 -5
right_child=2 3 6 9 7 -7 15 13 -10 16 -12 -13 24 -15 17 -17 -18 -19 -20 -21 22 -23 23 -25 26 -27 -28 -29 -30 -31
leaf_value=0.012529690529202435 -0.0021596191496604921 0.0032307645685615734 -0.010511241777045398 -0.00054582311718231297 0.010298678817356428 -0.0068331633712678712 -0.013324116319122595 0.010298678817356428 0.0022260807562036865 0.0019185405433966613 -0.0016067289623391151 0.005873344435213452 0.005873344435213452 0.005873344435213452 0.005873344435213452 -0.015325545392807536 -0.0021596191496604921 0.0097026769117340133 -0.0050503201062260181 0.0048825812286483654 0.005873344435213452 0.005873344435213452 0.005873344435213452 0.0032307645685615734 0.010298678817356428 0.010298678817356428 0.005873344435213452 -0.0038693783167381684 -0.00054582311718231297 0.0015799387433789486
leaf_weight=429.63958483934402 330.31011653319001 662.59169697016478 464.5112631097436 112.00625209137797 151.38422208279371 648.02044187765568 422.60910409037024 268.87272984534502 468.8453301936388 209.91226013749838 521.11071740835905 191.41303138434887 179.72844426333904 20.456380352377892 61.721000611782074 350.85492320172489 27.300253536552191 69.374712869524956 117.72332204505801 983.70270707458258 69.304914951324463 63.080102726817131 39.025451868772507 65.791299968957901 61.331162214279175 17.5831089168787 14.471904784440992 301.69913038425148 112.92738291993737 469.97176627442241
leaf_count=833 2256 1458 6671 517 267 7008 7345 512 1759 932 3087 354 295 40 115 6336 148 121 999 2073 129 123 70 147 107 30 22 2453 538 2012
internal_value=1.67399e-11 0.00431909 -0.00863833 0.00237132 0.00937537 -0.00492059 -0.0128359 0.00806767 0.00383496 2.11989e-06 -0.000394197 0.00728946 0.00802843 0.0100769 0.00950904 -0.014232 0.00191854 0.00751116 -0.00326748 0.00423545 0.00343552 0.00323076 0.00538199 0.00336591 0.00649705 0.00587334 0.00891657 -0.00286082 0.000515083 0.000973938
internal_weight=7907.27 5271.55 2635.73 3805.57 1465.98 1397.75 1237.98 1036.34 2352.34 1453.23 1216.02 747.008 555.595 289.329 282.48 773.464 237.213 131.096 749.733 1883.5 899.793 725.672 174.122 104.817 273.115 197.312 75.8031 632.009 694.905 581.978
internal_count=48757 15689 33068 12993 2696 12716 20352 1863 5759 7234 6154 1311 957 552 503 13681 1080 236 5708 4000 1927 1581 346 217 454 325 129 4709 3067 2529
cat_boundaries=0 1 2
cat_threshold=4 83
is_linear=0
shrinkage=0.01


Tree=19
num_leaves=31
num_cat=1
split_feature=14 14 14 14 14 14 14 7 13 19 14 15 0 19 14 9 19 18 6 18 15 15 21 15 14 11 11 7 13 0
split_gain=2837.04 502.27 397.56 126.352 58.9916 44.9579 38.1295 15.6 14.3509 11.5794 12.8836 10.5036 12.4351 10.1305 8.96896 8.02686 6.88814 6.63202 5.81486 6.43562 5.96329 5.74329 6.6123 8.88838 7.95699 7.28854 7.55989 6.0694 5.41974 5.35966
threshold=11.350000000000003 2.9500000000000006 34.95000000000001 5.7500000000000009 1.9500000000000002 68.450000000000017 17.950000000000003 9.5000000000000018 2.5000000000000004 5.5000000000000009 8.0500000000000025 0.38893406184757018 1750.0000000000002 6.5000000000000009 122.25000000000001 0 8.5000000000000018 44.500000000000007 1.5000000000000002 27.500000000000004 0.37957370951124791 0.57740868624890929 5.416666666666667 0.27771735776714523 3.7500000000000004 511.00000000000006 459.00000000000006 8.5000000000000018 1.5000000000000002 1950.0000000000002
decision_type=2 2 2 2 2 2 2 2 2 2 2 8 2 2 2 1 2 8 2 8 10 10 10 10 2 2 2 2 2 2
left_child=1 4 6 8 -1 -4 -2 11 21 10 29 12 15 28 -7 -6 -11 -17 19 -14 -20 22 24 27 25 26 -3 -24 -9 -5
right_child=2 3 5 9 7 14 -8 13 -10 16 -12 -13 18 -15 -16 17 -18 -19 20 -21 -22 -23 23 -25 -26 -27 -28 -29 -30 -31
leaf_value=0.01241750330835123 -0.0030710092253212451 0.0057095547319700535 -0.010072682737979382 0.00094934841019899828 0.010194287028379743 -0.012653793515444276 -0.0064452344651128902 0.010194287028379743 0.0021938440708402173 0.0018865062844819717 -0.001591306637900896 0.0058010154935882411 0.0058010154935882411 0.0058010154935882411 -0.01483307082221073 0.0058010154935882411 -0.0021429577434683772 0.0096691307107058377 0.0058010154935882411 0.010194287028379743 0.010194287028379743 0.0058010154935882411 0.0031771921593614721 0.0058010154935882411 0.0031771921593614721 0.0058010154935882411 0.0038364856589596236 0.0058010154935882411 0.0058010154935882411 -0.00054568840786353506
leaf_weight=421.397062048316 674.04091971926391 220.39549477398396 456.95798223558813 576.39171252399683 149.13637798279524 304.92947479616851 665.60552163235843 241.59648761153221 462.85345320031047 209.22093085944653 515.1344000492245 189.20943555980921 12.901719629764555 20.209168761968613 496.09109090268612 60.995099917054176 26.648579016327858 67.767418026924133 209.49231372028589 32.492685124278069 15.013601943850515 70.162672743201256 97.55134479701519 152.90155713260174 736.73731505125761 121.79039482027292 393.47751353681087 77.119464240968227 23.270133778452873 111.7409186065197
leaf_count=833 5106 404 6531 2529 267 5175 7085 459 1759 932 3087 354 23 40 9171 115 148 121 362 48 21 148 210 303 1765 208 806 156 53 538
internal_value=-1.79565e-12 0.00425259 -0.0085385 0.00233291 0.00926912 -0.0125756 -0.0047475 0.00797107 0.00377036 2.65506e-06 -0.000395356 0.00720271 0.00793662 0.00995751 -0.0140035 0.00942144 0.00188651 0.00745149 0.0064078 0.00967384 0.00580102 0.00416054 0.00403604 0.00532104 0.00375016 0.00449578 0.00400409 0.0034514 0.0101943 0.00049993
internal_weight=7813.23 5215.61 2597.62 3772.13 1443.48 1257.98 1339.65 1022.08 2332.99 1439.14 1203.27 737.009 547.799 285.076 801.021 277.899 235.87 128.763 269.9 45.3944 224.506 1870.14 1799.97 327.572 1472.4 735.663 613.873 174.671 264.867 688.133
internal_count=48757 15689 33068 12993 2696 20877 12191 1863 5759 7234 6154 1311 957 552 14346 503 1080 236 454 71 383 4000 3852 669 3183 1418 1210 366 512 3067
cat_boundaries=0 1
cat_threshold=4
is_linear=0
shrinkage=0.01


Tree=20
num_leaves=31
num_cat=1
split_feature=14 14 14 14 14 14 14 7 13 19 14 15 0 19 14 9 14 18 19 11 0 8 20 11 18 15 16 15 17 0
split_gain=2735.51 488.229 385.166 120.509 56.8172 41.2913 38.6147 15.4909 14.1477 11.2478 12.1582 10.1907 12.2753 9.94871 8.6525 7.62468 7.32387 6.45769 5.77261 5.7388 6.78128 6.11723 5.47012 12.3477 12.1124 9.34813 9.73158 6.05836 5.62174 5.17074
threshold=11.350000000000003 2.9500000000000006 36.850000000000001 5.7500000000000009 1.9500000000000002 20.650000000000002 68.450000000000017 9.5000000000000018 2.5000000000000004 5.5000000000000009 8.0500000000000025 0.38893406184757018 1750.0000000000002 6.5000000000000009 122.25000000000001 0 16.050000000000004 44.500000000000007 8.5000000000000018 497.00000000000006 2300.0000000000005 57.750000000000007 0.40833333333333338 511.00000000000006 57.500000000000007 0.21666017639539265 0.29468440397705936 0.57740868624890929 6.5000000000000009 1950.0000000000002
decision_type=2 2 2 2 2 2 2 2 2 2 2 8 2 2 2 1 2 8 2 2 2 2 8 2 10 10 10 10 10 2
left_child=1 4 5 8 -1 16 -4 11 22 10 29 12 15 -9 -8 -6 -2 -17 -11 20 -14 -21 24 27 25 28 -27 -24 -3 -5
right_child=2 3 6 9 7 -7 14 13 -10 18 -12 -13 19 -15 -16 17 -18 -19 -20 21 -22 -23 23 -25 -26 26 -28 -29 -30 -31
leaf_value=0.012313909259511813 -0.0026770768432188754 0.0057471038678998275 -0.010089081839086869 0.00093892772256109352 0.010111894150702589 -0.0069706394815581482 -0.01253425392991238 0.010111894150702589 0.0021410043359103843 0.0018654771887236666 -0.001548531772148369 0.0057471038678998275 0.0057471038678998275 0.0057471038678998275 -0.014692138397169352 0.0057471038678998275 -0.0046133204730402395 0.0096288529509611608 -0.0021189205291998014 0.010111894150702589 0.010111894150702589 0.0057471038678998275 0.0031509298960704529 0.0057471038678998275 0.0057471038678998275 0.0031223874960659278 0.0057471038678998275 0.0057471038678998275 0.0031223874960659278 -0.00052733623428872145
leaf_weight=413.23817829787731 515.51300655119121 120.88690658658743 410.90965803246945 571.44139692932367 146.86644453555346 536.39667632430792 300.11754517350346 260.06135603040457 458.18012341484427 209.19102731533349 508.85685713402927 186.8563202098012 175.27130118012428 19.990464672446251 487.89642624929547 60.154595516622066 314.55269466526806 66.236893087625504 25.755009226500988 59.65079040825367 17.047902479767799 14.151530057191847 1039.3656314834952 200.89381074905396 157.01476235687733 194.08374935388565 73.569368869066238 47.496342316269875 16.905213385820389 110.81542482599616
leaf_count=833 3806 240 6006 2529 267 6041 5175 512 1759 932 3087 354 295 40 9171 115 2869 121 148 107 30 22 2348 393 309 421 149 99 41 538
internal_value=2.43717e-11 0.00419984 -0.00843769 0.00230227 0.00919194 -0.0048082 -0.0125744 0.00790988 0.00371419 1.67618e-05 -0.000378673 0.00713941 0.00786828 0.00990789 -0.0138703 0.00935703 -0.00341081 0.00741661 0.00186548 0.00633961 0.0057471 0.00875406 0.00410377 0.00374442 0.0049265 0.0037668 0.00312239 0.00332055 0.0057471 0.000493859
internal_weight=7719.37 5153.98 2565.39 3734.46 1419.53 1366.46 1198.92 1006.29 2308.4 1426.06 1191.11 726.236 539.379 280.052 788.014 273.258 830.066 126.391 234.946 266.122 192.319 73.8023 1850.22 1287.76 562.46 405.445 267.653 1086.86 137.792 682.257
internal_count=48757 15689 33068 12993 2696 12716 20352 1863 5759 7234 6154 1311 957 552 14346 503 6675 236 1080 454 325 129 4000 2840 1160 851 570 2447 281 3067
cat_boundaries=0 1
cat_threshold=4
is_linear=0
shrinkage=0.01


Tree=21
num_leaves=31
num_cat=1
split_feature=14 14 14 14 14 14 14 7 14 15 0 14 19 21 14 18 18 21 19 11 20 15 21 14 1 19 14 15 11 16
split_gain=2639.73 471.54 373.548 118.677 55.42 54.2959 25.1871 14.9219 13.1975 9.96974 16.3817 9.96326 9.74276 9.61632 7.10012 6.93524 6.97615 7.75892 6.70593 10.4829 6.35143 6.31651 6.0442 5.99385 5.98132 5.95449 5.03014 5.02661 4.86534 6.6532
threshold=11.350000000000003 2.9500000000000006 43.750000000000007 5.4500000000000011 1.9500000000000002 20.650000000000002 119.85000000000001 9.5000000000000018 8.6500000000000004 0.34358710935766373 1750.0000000000002 4.4500000000000011 6.5000000000000009 4.166666666666667 16.050000000000004 15.500000000000002 42.500000000000007 6.166666666666667 4.5000000000000009 515.00000000000011 0.72077922077922085 0.15365668061024174 4.166666666666667 30.850000000000005 0 3.5000000000000004 68.450000000000017 0.57740868624890929 467.00000000000006 0.19479073791007598
decision_type=2 2 2 2 2 2 2 2 2 8 2 2 2 10 2 10 10 10 2 2 10 8 10 2 1 2 2 10 2 8
left_child=1 4 5 11 -1 14 26 9 15 10 -6 18 -9 -13 -2 28 -17 -18 19 21 -20 -3 -11 -7 -10 -12 -4 -23 29 -5
right_child=2 3 6 8 7 23 -8 12 24 22 25 13 -14 -15 -16 16 17 -19 20 -21 -22 27 -24 -25 -26 -27 -28 -29 -30 -31
leaf_value=0.012206162451694867 -0.0026524614007031899 0.0056839330590295577 -0.010502219051341558 -0.00023749894842310909 0.010012840897072607 -0.0064505648172554358 -0.014539227445518429 0.010012840897072607 -0.0020984291852738056 0.0056839330590295577 0.0056839330590295577 0.0019904051811224462 0.0056839330590295577 0.0035057701004380941 -0.0045696727423851329 0.0019904051811224462 -0.00023749894842310909 0.0019904051811224462 0.0056839330590295577 0.0056839330590295577 0.0035057701004380941 0.0035057701004380941 0.0090479007517128736 -0.0084024754971327806 -0.00023749894842310909 0.0089077927050451259 -0.01237968076696587 0.0056839330590295577 -0.00023749894842310909 0.0019904051811224462
leaf_weight=405.67430367320776 510.98631833866239 71.835897214710712 283.90859267953783 41.489539667963982 211.49452872574329 388.88543116766959 488.47553932480514 256.2904948592186 212.07115095108747 271.52408250421286 121.99953326582909 374.18870718404651 19.785466179251671 267.90779998898506 310.56333774421364 375.26010426692665 233.65825193747878 120.94300805777311 316.2096368893981 150.32577998936176 32.755536019802094 877.89633432775736 53.596965149044991 264.20189138315618 247.23933755047619 58.241498552262783 286.92535396385938 50.648815423250198 201.57593170553446 126.74472718685865
leaf_count=833 3806 151 4246 215 383 4282 9332 512 1346 521 217 1232 40 739 2869 1625 1113 513 615 286 81 1984 92 3519 1453 98 5014 106 1002 532
internal_value=-2.45247e-12 0.00414538 -0.00834224 0.00227597 0.00909189 -0.00508805 -0.0128723 0.00781952 0.000177011 0.00705876 0.00813312 0.0038038 0.00979491 0.00276145 -0.00337721 0.000771641 0.00133875 0.00030477 0.00425009 0.00388184 0.00546438 0.00350577 0.00576426 -0.0072402 -0.00124664 0.00591795 -0.0114459 0.00350577 -0.000237499 0.00147091
internal_weight=7633.3 5099.36 2533.95 3700.75 1398.61 1474.64 1059.31 992.933 1558.98 716.857 391.736 2141.77 276.076 642.097 821.55 1099.67 729.861 354.601 1499.67 1150.71 348.965 1000.38 325.121 653.087 459.31 180.241 570.834 928.545 369.81 168.234
internal_count=48757 15689 33068 12993 2696 14476 18592 1863 7799 1311 698 5194 552 1971 6675 5000 3251 1626 3223 2527 696 2241 613 7801 2799 315 9260 2090 1749 747
cat_boundaries=0 1
cat_threshold=1
is_linear=0
shrinkage=0.01


Tree=22
num_leaves=31
num_cat=2
split_feature=14 14 14 14 14 14 14 7 13 19 14 15 0 19 14 9 18 19 11 0 8 5 19 16 0 14 13 8 6 7
split_gain=2549.37 460.259 361.617 116.121 53.1526 39.4819 35.604 14.0008 13.868 10.5695 11.0292 9.91423 11.5807 8.99372 8.2404 7.1163 6.28973 5.54801 5.51873 6.71764 5.95572 5.34499 7.46491 6.0601 5.71263 5.19346 5.17753 4.92147 7.71812 8.88841
threshold=11.350000000000003 2.9500000000000006 35.550000000000004 5.7500000000000009 1.9500000000000002 68.450000000000017 17.950000000000003 9.5000000000000018 2.5000000000000004 5.5000000000000009 8.0500000000000025 0.38893406184757018 1750.0000000000002 6.5000000000000009 122.25000000000001 0 44.500000000000007 8.5000000000000018 497.00000000000006 2300.0000000000005 57.750000000000007 1 5.5000000000000009 0.38924645358428483 1850.0000000000002 21.850000000000005 1.5000000000000002 55.250000000000007 6.5000000000000009 5.5000000000000009
decision_type=2 2 2 2 2 2 2 2 2 2 2 8 2 2 2 1 8 2 2 2 2 9 2 8 2 2 2 2 2 2
left_child=1 4 6 8 -1 -4 -2 11 21 10 -5 12 15 26 -7 -6 -17 -11 19 -14 -20 22 -3 27 -24 -8 -9 28 29 -23
right_child=2 3 5 9 7 14 25 13 -10 17 -12 -13 18 -15 -16 16 -18 -19 20 -21 -22 23 24 -25 -26 -27 -28 -29 -30 -31
leaf_value=0.012102003357014016 -0.0029814592817779323 0.003051784040837413 -0.0098078036749510138 0.00043307720537343958 0.0099354558094005146 -0.01228302099370876 -0.0050061019240013735 0.0099354558094005146 0.0020706096571156615 0.0018143794377902124 -0.0015274715253195523 0.0056328957009953405 0.0056328957009953405 0.0056328957009953405 -0.014421862638665819 0.0056328957009953405 0.009536589291078517 -0.0020808521531133005 0.0099354558094005146 0.0099354558094005146 0.0056328957009953405 0.0031222070008686672 0.0056328957009953405 0.003051784040837413 0.003051784040837413 -0.0068977158626010414 0.0056328957009953405 0.0056296701451144879 0.003051784040837413 0.0056328957009953405
leaf_weight=398.43247723579407 654.38335309177637 699.14957474172115 426.42821269854903 674.30628464743495 142.5094104334712 291.12926897685975 216.20885274559259 230.46107950806618 449.22840416431427 206.98300492577255 499.4846893902868 182.08531813323498 171.03974679857492 19.356087476015091 472.46029687207192 58.308183901011944 63.652325212955475 25.104315787553787 57.854513064026833 16.707338780164719 13.608614355325697 158.16759739816189 142.61659301817417 44.075530536472797 23.266639895737171 441.56519417278469 22.336677130311728 468.7794062718749 112.95634963363409 166.75485045462847
leaf_count=833 5106 1581 6361 3067 267 5175 2193 459 1759 932 3087 354 295 40 9171 115 121 148 107 30 22 359 287 111 59 5062 53 988 265 350
internal_value=4.67344e-12 0.0040916 -0.0082533 0.00224252 0.00902327 -0.0122452 -0.00463296 0.00776891 0.00364376 -1.49966e-05 -0.000401197 0.00702589 0.00775617 0.00969576 -0.0136064 0.00922839 0.00730505 0.00181438 0.00625408 0.0056329 0.00865318 0.00403296 0.0032734 0.0046408 0.00525432 -0.00627595 0.00993546 0.00491761 0.00415529 0.00505589
internal_weight=7549.4 5047.23 2502.18 3670.87 1376.35 1190.02 1312.16 977.919 2264.99 1405.88 1173.79 705.765 523.68 272.154 763.59 264.47 121.961 232.087 259.21 187.747 71.4631 1815.77 865.033 950.734 165.883 657.774 252.798 906.658 437.879 324.922
internal_count=48757 15689 33068 12993 2696 20707 12361 1863 5759 7234 6154 1311 957 552 14346 503 236 1080 454 325 129 4000 1927 2073 346 7255 512 1962 974 709
cat_boundaries=0 1 2
cat_threshold=4 83
is_linear=0
shrinkage=0.01


Tree=23
num_leaves=31
num_cat=2
split_feature=14 14 14 14 14 14 14 7 13 19 14 15 0 19 9 14 14 18 5 19 17 16 8 11 0 8 19 18 17 7
split_gain=2459.14 446.823 351.3 111.901 51.6937 45.2796 27.9617 14.14 13.2452 10.3815 10.4145 9.58985 11.4997 8.83642 6.94718 6.79443 6.45159 6.25023 5.59368 6.56082 5.90205 5.61114 5.56801 5.32668 6.53857 5.85598 5.26912 4.86067 5.417 4.84449
threshold=11.350000000000003 2.9500000000000006 40.850000000000001 5.7500000000000009 1.9500000000000002 20.650000000000002 119.85000000000001 9.5000000000000018 2.5000000000000004 5.5000000000000009 8.0500000000000025 0.38893406184757018 1750.0000000000002 6.5000000000000009 0 16.050000000000004 68.450000000000017 44.500000000000007 1 5.5000000000000009 2.5000000000000004 0.38924645358428483 55.750000000000007 497.00000000000006 2300.0000000000005 57.750000000000007 8.5000000000000018 96.500000000000014 4.5000000000000009 11.500000000000002
decision_type=2 2 2 2 2 2 2 2 2 2 2 8 2 2 1 2 2 8 9 2 10 8 2 2 2 2 2 10 10 2
left_child=1 4 5 8 -1 15 16 11 18 10 -5 12 14 -9 -6 -2 -4 -16 19 27 -21 -20 -22 24 -14 -25 -11 -3 -29 -12
right_child=2 3 6 9 7 -7 -8 13 -10 26 29 -13 23 -15 17 -17 -18 -19 21 20 22 -23 -24 25 -26 -27 -28 28 -30 -31
leaf_value=0.011997876384378395 -0.0025933284235080531 0.0030089577303968173 -0.010061330078561833 0.00041367550889797336 0.009844098647766206 -0.0069500142588834477 -0.014272084688892529 0.009844098647766206 0.0020450149145565411 0.0017881129415304501 -0.0020601172807974411 0.0055715813230790947 0.0055715813230790947 0.0055715813230790947 0.0055715813230790947 -0.0044882657600092421 -0.012138561542470724 0.0094824831166550032 0.0048550320469689066 0.0055715813230790947 0.0055715813230790947 0.0030089577303968173 0.0030089577303968173 0.009844098647766206 0.009844098647766206 0.0055715813230790947 -0.0020601172807974411 0.0030089577303968173 0.0055715813230790947 -0.0005430880877114818
leaf_weight=391.55560132116079 501.78421670943499 633.3140472099185 322.84609072562307 668.80193388089538 140.50332693755627 592.34806156810373 473.57390670478344 248.77212934941053 444.23740713298321 205.65568862296641 373.83734474144876 180.31158801168203 169.8236763253808 19.176779098808765 57.768012449145317 303.76586589310318 278.50118864420801 62.429462805390358 899.21269302815199 65.29578859359026 37.485797628760338 43.217478789389133 61.707450971007347 56.993858441710472 16.405845358967781 13.530784070491789 24.677951708436012 27.777142927050591 33.609692193567753 121.05632495135069
leaf_count=833 3806 1458 4940 3067 267 7107 9332 512 1759 932 2368 354 295 40 115 2869 5014 121 1962 129 70 111 147 107 30 22 148 65 58 719
internal_value=-1.61932e-11 0.00403614 -0.00815638 0.00221017 0.008933 -0.00485121 -0.0124546 0.00769032 0.00359156 -1.53331e-05 -0.000400105 0.00694048 0.00766445 0.00964299 0.00914388 -0.00330789 -0.0110234 0.00722814 0.0039729 0.00320521 0.00507621 0.00459007 0.00305027 0.00616228 0.00557158 0.00854198 0.00178811 0.00300896 0.00557158 -0.00149985
internal_weight=7469.98 4997.16 2472.82 3639.89 1357.27 1397.9 1074.92 965.715 2245.86 1394.03 1163.7 697.767 517.455 267.949 260.701 805.55 601.347 120.197 1801.62 859.19 164.489 942.43 99.1932 256.754 186.23 70.5246 230.334 694.701 61.3868 494.894
internal_count=48757 15689 33068 12993 2696 13782 19286 1863 5759 7234 6154 1311 957 552 503 6675 9954 236 4000 1927 346 2073 217 454 325 129 1080 1581 123 3087
cat_boundaries=0 1 2
cat_threshold=4 83
is_linear=0
shrinkage=0.01


Tree=24
num_leaves=31
num_cat=2
split_feature=14 14 14 14 14 14 14 7 13 19 14 15 0 19 14 9 18 5 19 17 8 6 18 15 19 16 7 18 0 7
split_gain=2375.99 432.531 341.377 107.962 50.5372 39.1861 32.0444 13.7039 12.6609 10.2749 10.0043 9.33614 11.2957 8.63515 7.86227 6.74684 6.2183 5.28259 6.2692 5.26272 5.35204 5.14855 6.05229 5.51271 4.96386 4.91296 4.74488 6.62688 7.77987 4.6985
threshold=11.350000000000003 2.9500000000000006 34.95000000000001 5.7500000000000009 1.9500000000000002 68.450000000000017 17.950000000000003 9.5000000000000018 2.5000000000000004 5.5000000000000009 8.0500000000000025 0.38893406184757018 1750.0000000000002 6.5000000000000009 171.25000000000003 0 44.500000000000007 1 5.5000000000000009 2.5000000000000004 55.750000000000007 1.5000000000000002 27.500000000000004 0.37957370951124791 8.5000000000000018 0.38924645358428483 3.5000000000000004 62.500000000000007 1950.0000000000002 11.500000000000002
decision_type=2 2 2 2 2 2 2 2 2 2 2 8 2 2 2 1 8 9 2 10 2 2 8 10 2 8 2 10 2 2
left_child=1 4 6 8 -1 -4 -2 11 17 10 26 12 15 -9 -7 -6 -17 18 -3 -20 -21 22 -14 -23 -11 -19 -5 28 -28 -12
right_child=2 3 5 9 7 14 -8 13 -10 24 29 -13 21 -15 -16 16 -18 25 19 20 -22 23 -24 -25 -26 -27 27 -29 -30 -31
leaf_value=0.011893695658417025 -0.0029132319196481953 0.0029701194882670329 -0.0095634000682617761 -0.00054066619411313895 0.0097477658053122303 -0.012466013617241483 -0.006085290443588862 0.0097477658053122303 0.0020230469744668919 0.001765093330927987 -0.0020423650179576388 0.0055086601080798284 0.0055086601080798284 0.0055086601080798284 -0.014547289434010393 0.0055086601080798284 0.0094299402646501294 0.0047664497369209894 0.0055086601080798284 0.0055086601080798284 0.0029701194882670329 0.0055086601080798284 0.0097477658053122303 0.0097477658053122303 -0.0020423650179576388 0.0029701194882670329 0.001765093330927987 -0.00054066619411313895 -0.00054066619411313895 -0.00054066619411313895
leaf_weight=384.98100197315216 642.56015094928443 690.22334649413824 429.51312393229455 132.46412867307663 138.74299842864275 422.60375685989857 631.42237561848015 245.56953538954258 439.56114425882697 204.46944501623511 369.8555165193975 178.63582412153482 12.483943000435827 18.999998986721039 318.14618914201856 57.267209395766258 61.333269104361534 894.77488423138857 65.056531377136707 36.92620924860239 60.617038734257221 197.5924571454525 30.163128733634949 14.02755247056484 24.284949831664562 42.076895773410797 357.71459350734949 107.68978779017925 65.819456562399864 119.9091858509928
leaf_count=833 5106 1581 6531 641 267 8010 7085 512 1759 932 2368 354 23 40 6336 115 121 1962 129 70 147 362 48 21 148 111 1562 536 328 719
internal_value=-1.23761e-11 0.00398249 -0.00806722 0.00218225 0.00883507 -0.0119665 -0.0044854 0.00760184 0.0035437 -1.35175e-05 -0.000398615 0.00686013 0.00757967 0.0095369 -0.0133599 0.00905665 0.00715448 0.00391719 0.00316371 0.00500352 0.00309606 0.00608481 0.00925721 0.00550866 0.00176509 0.00452107 0.000401415 0.000874262 0.00147818 -0.00148275
internal_weight=7395.49 4951.24 2444.25 3611.44 1339.8 1170.26 1273.98 954.816 2229.24 1382.21 1153.45 690.246 511.611 264.57 740.75 257.343 118.6 1789.67 852.823 162.6 97.5432 254.267 42.6471 211.62 228.754 936.852 663.688 531.224 423.534 489.765
internal_count=48757 15689 33068 12993 2696 20877 12191 1863 5759 7234 6154 1311 957 552 14346 503 236 4000 1927 346 217 454 71 383 1080 2073 3067 2426 1890 3087
cat_boundaries=0 1 2
cat_threshold=4 83
is_linear=0
shrinkage=0.01


Tree=25
num_leaves=31
num_cat=3
split_feature=14 14 14 14 14 14 14 14 7 13 15 0 19 5 12 9 18 14 11 0 8 19 5 19 17 14 8 13 18 17
split_gain=2296.61 453.553 282.721 128.232 49.111 38.4897 20.2645 16.2044 13.1035 11.8945 9.30237 10.9256 8.56874 6.9547 7.37458 6.54914 6.27095 5.25298 5.23701 6.63976 5.68623 5.15208 5.14284 5.96645 5.13239 5.05745 4.80081 4.5983 4.57962 4.76618
threshold=12.850000000000003 2.9500000000000006 46.250000000000007 5.7500000000000009 1.9500000000000002 21.850000000000005 119.85000000000001 9.0500000000000025 9.5000000000000018 2.5000000000000004 0.38893406184757018 1750.0000000000002 6.5000000000000009 0 1.5000000000000002 1 44.500000000000007 16.650000000000002 497.00000000000006 2300.0000000000005 57.750000000000007 3.5000000000000004 2 5.5000000000000009 2.5000000000000004 30.850000000000005 55.750000000000007 1.5000000000000002 96.500000000000014 4.5000000000000009
decision_type=2 2 2 2 2 2 2 2 2 2 8 2 2 9 2 1 8 2 2 2 2 2 9 2 10 2 2 2 10 10
left_child=1 4 5 9 -1 17 -4 13 10 22 11 15 27 14 -5 -6 -17 -2 19 -13 -20 -9 23 28 -25 -7 -26 -10 -3 -30
right_child=2 3 6 7 8 25 -8 21 12 -11 -12 18 -14 -15 -16 16 -18 -19 20 -21 -22 -23 -24 24 26 -27 -28 -29 29 -31
leaf_value=0.011792601951529941 -0.0028760789360353007 0.0029281856703649483 -0.011146205984505695 0.0016133477511918565 0.009661157981039217 -0.0063058355938424718 -0.014046178995616157 -0.0023673779146309 0.009661157981039217 0.0020059245121134017 0.0053467882893382199 0.0053467882893382199 0.0053467882893382199 -0.00057683576121954979 -0.00016033790308732479 0.0053467882893382199 0.0093830639888026566 -0.0046608132543176405 0.009661157981039217 0.009661157981039217 0.0053467882893382199 -0.00057683576121954979 0.0044470408390057652 0.0053467882893382199 0.0053467882893382199 -0.0081381755907371338 0.0029281856703649483 0.0053467882893382199 0.0029281856703649483 0.0053467882893382199
leaf_weight=378.71863256767392 363.54197424277663 626.39701166749001 507.53139011561871 440.51392597146332 137.02827879041433 318.70256120059639 458.77638458926231 354.49885093793273 221.12245135754347 435.12780520319939 176.89829759672284 166.32609218358994 18.826814487576485 227.14763484150171 337.1623062081635 56.776419244706631 60.315772369503975 301.83789035305381 55.658331237733364 15.99124865233898 13.283364251255987 192.40946339443326 931.40410391613841 64.007347665727139 36.547567024827003 285.63753336947411 59.943727664649487 21.394870441406965 27.22613750398159 33.220970571041107
leaf_count=833 2924 1458 8736 2037 267 3658 9332 2423 459 1759 354 295 40 1195 1673 115 121 3066 107 30 22 1215 2073 129 70 4043 147 53 65 58
internal_value=1.2069e-11 0.00371225 -0.00844701 0.00194297 0.00875061 -0.00534499 -0.012523 -0.000261218 0.00752971 0.00348791 0.00680039 0.00751318 0.00943372 0.000492693 0.000956341 0.0089752 0.00708932 -0.00368569 0.0060345 0.00534679 0.00839965 -0.00164636 0.00385045 0.00310553 0.00491797 -0.00717188 0.0029751 0.00966116 0.00292819 0.00534679
internal_weight=7323.98 5087.95 2236.03 3765.61 1322.34 1269.72 966.308 1551.73 943.622 2213.87 682.278 505.38 261.344 1004.82 777.676 254.12 117.092 665.38 251.259 182.317 68.9417 546.908 1778.75 847.343 160.499 604.34 96.4913 242.517 686.844 60.4471
internal_count=48757 16998 31759 14302 2696 13691 18068 8543 1863 5759 1311 957 552 4905 3710 503 236 5990 454 325 129 3638 4000 1927 346 7701 217 512 1581 123
cat_boundaries=0 1 2 3
cat_threshold=275 4 83
is_linear=0
shrinkage=0.01


Tree=26
num_leaves=31
num_cat=3
split_feature=14 14 14 14 14 14 14 14 7 13 15 0 19 5 12 9 18 14 14 11 0 8 19 5 19 17 8 16 18 17
split_gain=2222.5 441.161 274.074 123.384 47.815 37.5456 19.7795 15.4602 13.2127 11.2354 9.03033 10.8039 8.43789 6.73425 7.0776 6.42115 6.23368 5.1177 5.07996 5.06532 6.48438 5.5734 5.03092 4.89683 5.86017 4.90051 4.78622 4.50582 4.43237 4.71349
threshold=12.850000000000003 2.9500000000000006 46.250000000000007 5.7500000000000009 1.9500000000000002 21.850000000000005 119.85000000000001 9.0500000000000025 9.5000000000000018 2.5000000000000004 0.38893406184757018 1750.0000000000002 6.5000000000000009 0 1.5000000000000002 1 44.500000000000007 30.850000000000005 16.650000000000002 497.00000000000006 2300.0000000000005 57.750000000000007 3.5000000000000004 2 5.5000000000000009 2.5000000000000004 55.750000000000007 0.35376457508419368 96.500000000000014 4.5000000000000009
decision_type=2 2 2 2 2 2 2 2 2 2 8 2 2 9 2 1 8 2 2 2 2 2 2 9 2 10 2 8 10 10
left_child=1 4 5 9 -1 18 -4 13 10 23 11 15 -10 14 -5 -6 -17 -7 -2 20 -13 -21 -9 24 28 -26 -27 -25 -3 -30
right_child=2 3 6 7 8 17 -8 22 12 -11 -12 19 -14 -15 -16 16 -18 -19 -20 21 -22 -23 -24 27 25 26 -28 -29 29 -31
leaf_value=0.011693521251485541 -0.0028552236979214967 0.0028865604086166425 -0.011041521364826119 0.0015887511939708288 0.0095750558409153259 -0.0062409688703472556 -0.013927451720870598 -0.00233712569170325 0.0095750558409153259 0.0019864053965354535 0.0052904751857008308 0.0052904751857008308 0.0052904751857008308 -0.00056743085537667927 -0.00015989582226565803 0.0052904751857008308 0.0093282248001996648 -0.0080954222478279419 -0.0046186075505784191 0.0095750558409153259 0.0095750558409153259 0.0052904751857008308 -0.00056743085537667927 0.0046668042449629779 0.0052904751857008308 0.0052904751857008308 0.0028865604086166425 0.0028865604086166425 0.0028865604086166425 0.0052904751857008308
leaf_weight=372.76403257250786 360.81525068171322 623.78962278366089 500.36298049427569 438.57269116304815 135.28510849922895 315.74070668779314 452.04484030790627 351.04455569386482 239.07037649303675 431.10419108346105 175.40042169392109 165.20675192028284 18.669617131352425 225.64658108353615 333.70233338698745 56.346584513783455 59.294044852256775 281.47923946660012 298.53829794190824 54.891774207353592 15.720401272177694 13.194126248359678 190.66673616319895 828.70534270256758 63.405847832560539 36.062021166086197 59.329315185546875 98.560097083449364 27.062951788306236 32.688183777034283
leaf_count=833 2924 1458 8736 2037 267 3658 9332 2423 512 1759 354 295 40 1195 1673 115 121 4043 3066 107 30 22 1215 1830 129 70 147 243 65 58
internal_value=8.01738e-12 0.00366195 -0.00836533 0.00191489 0.00866606 -0.00529874 -0.0124113 -0.000256544 0.00745659 0.00343405 0.00672146 0.0074288 0.00938281 0.00048176 0.000940329 0.00889323 0.00701353 -0.007115 -0.00365364 0.00595311 0.00529048 0.00829805 -0.00161662 0.00378672 0.00305509 0.00486465 0.00295828 0.00437124 0.00288656 0.00529048
internal_weight=7255.17 5046.18 2208.98 3740.34 1305.84 1256.57 952.408 1539.63 933.079 2200.71 675.339 499.939 257.74 997.922 772.275 250.926 115.641 597.22 659.354 249.013 180.927 68.0859 541.711 1769.6 842.338 158.797 95.3913 927.265 683.541 59.7511
internal_count=48757 16998 31759 14302 2696 13691 18068 8543 1863 5759 1311 957 552 4905 3710 503 236 7701 5990 454 325 129 3638 4000 1927 346 217 2073 1581 123
cat_boundaries=0 1 2 3
cat_threshold=275 4 83
is_linear=0
shrinkage=0.01


Tree=27
num_leaves=31
num_cat=3
split_feature=14 14 14 14 14 14 14 14 7 14 21 15 0 19 5 12 9 18 17 5 18 18 6 14 15 19 18 16 7 6
split_gain=2149.22 460.752 215.749 144.428 46.8332 23.711 21.5047 19.3098 12.8788 11.0189 9.03566 8.98448 10.5197 8.37999 6.62774 6.55914 6.31163 6.24036 5.52801 5.48187 5.24275 7.27331 6.57847 5.12543 5.11535 4.3723 4.34921 4.22019 4.83258 4.57249
threshold=14.65 2.9500000000000006 46.250000000000007 5.7500000000000009 1.9500000000000002 21.850000000000005 9.0500000000000025 119.85000000000001 9.5000000000000018 4.4500000000000011 4.8333333333333348 0.38893406184757018 1750.0000000000002 6.5000000000000009 0 1.5000000000000002 1 44.500000000000007 2.5000000000000004 2 27.500000000000004 42.500000000000007 1.5000000000000002 30.850000000000005 0.20205215841359783 6.5000000000000009 61.500000000000007 0.19479073791007598 12.500000000000002 6.5000000000000009
decision_type=2 2 2 2 2 2 2 2 2 2 10 8 2 2 9 2 1 8 10 9 8 8 2 2 10 2 8 10 2 2
left_child=1 4 5 9 -1 -2 14 -4 11 19 24 12 16 -10 15 -5 -6 -18 -8 25 -14 -22 -23 -7 -11 -3 -17 28 -21 -29
right_child=2 3 7 6 8 23 18 -9 13 10 -12 -13 20 -15 -16 26 17 -19 -20 27 21 22 -24 -25 -26 -27 -28 29 -30 -31
leaf_value=0.011594235070708151 -0.0040424383595466145 0.0031443209839419461 -0.010937420440602513 0.0014431302573897132 0.0094831247349857813 -0.0061745817766130908 -0.0027069418036798566 -0.013809473721320815 0.0094831247349857813 0.0031443209839419461 0.0031443209839419461 0.0051262623962845255 0.0051262623962845255 0.0051262623962845255 -0.00067654483008593766 0.0009774251567591524 0.0051262623962845255 0.0092531474298848167 -0.0011714327266878603 0.0031443209839419461 0.0094831247349857813 0.0094831247349857813 0.0051262623962845255 -0.0080413598512436343 0.0014431302573897132 0.0051262623962845255 -0.00067654483008593766 0.0051262623962845255 0.0051262623962845255 0.0034661543062358595
leaf_weight=367.12425360456109 470.19718008581549 597.97889746725559 493.48064484540373 436.91817886009812 133.78496950119734 312.8412873800844 240.81210350245237 445.36852073296905 236.28997125476599 128.3837788850069 260.35628310218453 173.97366321086884 70.315139748156071 18.50922878831625 224.21992934122682 189.14866898208857 55.921488098800182 58.404611900448799 478.97119053639472 137.17016009986401 43.044265851378441 21.066801682114601 112.3512950912118 277.57395080476999 356.59946711733937 70.462691135704517 141.06557325273752 434.32632524892688 31.914277851581573 169.20960631221533
leaf_count=833 4535 1351 8736 2037 267 3658 1739 9332 512 423 797 354 142 40 1195 919 115 121 3354 320 72 36 204 4043 1316 148 754 957 62 385
internal_value=-1.1464e-12 0.00339458 -0.00880847 0.00167963 0.0085729 -0.0057179 -0.000496343 -0.0122999 0.00737201 0.0033826 0.00239549 0.00664321 0.00734561 0.00928517 0.000458893 0.000907508 0.00879966 0.00692686 -0.00181198 0.00389316 0.00588371 0.00706878 0.00585529 -0.00705222 0.0014936 0.00314432 -0.000176653 0.00455345 0.00321607 0.00500357
internal_weight=7187.78 5188.32 1999.46 3897.54 1290.79 1060.61 1711.14 938.849 923.661 2186.4 745.34 668.862 494.889 254.799 991.352 767.132 248.111 114.326 719.783 1441.06 246.778 176.462 133.418 590.415 484.983 668.442 330.214 772.62 169.084 603.536
internal_count=48757 18453 30304 15757 2696 12236 9998 18068 1863 5759 2536 1311 957 552 4905 3710 503 236 5093 3223 454 312 240 7701 1739 1499 1673 1724 382 1342
cat_boundaries=0 1 2 3
cat_threshold=275 4 83
is_linear=0
shrinkage=0.01


Tree=28
num_leaves=31
num_cat=1
split_feature=14 14 14 14 14 14 14 14 7 13 15 0 19 5 12 19 21 21 10 11 11 8 20 6 15 6 14 0 17 14
split_gain=2085.08 416.34 258.259 117.501 45.5595 32.3966 21.2871 14.1455 12.4044 10.8039 8.89416 13.7369 8.07226 7.00901 6.38197 5.8449 5.36349 4.93024 9.25976 6.47714 7.84413 6.39059 6.09458 5.5038 6.1308 5.69044 4.85207 4.59817 4.20727 4.19478
threshold=12.850000000000003 2.9500000000000006 43.750000000000007 5.7500000000000009 1.9500000000000002 21.850000000000005 119.85000000000001 8.8500000000000032 9.5000000000000018 2.5000000000000004 0.34358710935766373 1750.0000000000002 6.5000000000000009 0 1.5000000000000002 3.5000000000000004 4.166666666666667 4.5833333333333348 3.5000000000000004 463.00000000000006 511.00000000000006 55.250000000000007 0.43650793650793657 6.5000000000000009 0.19420535419622734 7.5000000000000009 16.650000000000002 1650.0000000000002 4.5000000000000009 30.850000000000005
decision_type=2 2 2 2 2 2 2 2 2 2 8 2 2 9 2 2 10 10 2 2 2 2 8 2 10 2 2 2 10 2
left_child=1 4 5 9 -1 26 -4 13 10 17 11 28 -10 14 -5 -13 -12 19 -19 23 -21 -20 -22 24 -3 -25 -2 -9 -6 -7
right_child=2 3 6 7 8 29 -8 27 12 -11 16 15 -14 -15 -16 -17 -18 18 21 20 22 -23 -24 25 -26 -27 -28 -29 -30 -31
leaf_value=0.011498130514537215 -0.0028101938758660818 0.0028144487855758572 -0.010706833796934658 0.00154325911129205 0.0094008417107888549 -0.0061240883828208087 -0.013697910613440292 -0.00064699609801657104 0.0094008417107888549 0.0019256076518025939 0.0051785473844410193 0.0051785473844410193 0.0051785473844410193 -0.00051726022949260338 -0.00011359558420053685 0.0085443639917413879 0.0084801123071457339 0.0051785473844410193 0.0051785473844410193 0.0028144487855758572 0.0028144487855758572 0.0028144487855758572 0.0051785473844410193 0.0028144487855758572 0.0051785473844410193 0.0051785473844410193 -0.004549626201437674 -0.0023208229725491508 0.0051785473844410193 -0.0078804931237259138
leaf_weight=361.39152259752154 354.51532909460366 65.435025162994862 519.33435370307416 418.14684739336371 177.14703448116779 310.17561984341592 439.1242854911834 296.81359124928713 233.55528056249022 424.96526774019003 252.070402815938 113.08998399972916 18.341401264071465 214.42058367282152 316.15646315738559 53.541637092828751 49.748005926609039 295.90778534114361 41.932247690856457 614.62404270097613 18.675440296530724 166.87088085711002 168.35473369061947 52.828177109360695 270.24166774004698 53.758715584874153 292.82652383111417 273.67629833333194 15.925599209964274 242.11369133368134
leaf_count=833 2924 140 9260 1937 349 3658 9332 1981 512 1759 521 217 40 1144 1593 98 92 657 79 1507 48 380 347 137 594 111 3066 1888 34 3519
internal_value=-8.10662e-12 0.0035654 -0.00820704 0.00186444 0.00849266 -0.00511493 -0.0120772 -0.000269212 0.00730355 0.00335573 0.00658445 0.00764659 0.00919204 0.000479049 0.000970736 0.00554247 0.00531861 0.00370329 0.00453689 0.00336506 0.00282909 0.00284834 0.00486261 0.00433657 0.00498059 0.00281445 -0.00359703 -0.00151357 0.00940084 -0.00689406
internal_weight=7125.71 4967.62 2158.09 3692.81 1274.81 1199.63 958.459 1519.21 913.419 2173.59 661.523 359.704 251.897 948.724 734.303 166.632 301.818 1748.63 504.711 1243.92 801.654 208.803 187.03 442.264 335.677 106.587 647.342 570.49 193.073 552.289
internal_count=48757 16998 31759 14302 2696 13167 18592 8543 1863 5759 1311 698 552 4674 3530 315 613 4000 1116 2884 1902 459 395 982 734 248 5990 3869 383 7177
cat_boundaries=0 1
cat_threshold=275
is_linear=0
shrinkage=0.01


Tree=29
num_leaves=31
num_cat=1
split_feature=14 14 14 14 14 14 14 7 14 15 0 19 14 21 14 11 19 16 11 20 20 11 21 17 20 12 5 13 11 15
split_gain=2026.89 377.055 296.775 93.7841 43.9057 30.5126 30.2223 11.3701 9.83978 8.7189 14.4522 7.78379 7.73429 7.92303 7.35615 5.50574 5.45972 5.4189 5.13662 10.4846 5.39013 5.48421 5.03978 5.01855 4.94814 4.81376 4.61445 4.56202 4.46736 4.25514
threshold=11.350000000000003 2.9500000000000006 36.850000000000001 5.4500000000000011 1.9500000000000002 18.950000000000003 68.450000000000017 9.5000000000000018 7.4500000000000011 0.34358710935766373 1750.0000000000002 6.5000000000000009 4.4500000000000011 4.166666666666667 171.25000000000003 465.00000000000006 3.5000000000000004 0.29893433741722902 511.00000000000006 0.44949494949494956 0.14835164835164838 473.00000000000006 4.166666666666667 2.5000000000000004 0.43650793650793657 1.0000000180025095e-35 0 1.5000000000000002 435.00000000000006 0.15365668061024174
decision_type=2 2 2 2 2 2 2 2 2 8 2 2 2 10 2 2 2 8 2 8 10 2 10 10 8 2 9 2 2 8
left_child=1 4 5 12 -1 17 -4 9 25 10 -6 27 18 -14 -8 -10 -12 23 19 20 21 -3 -11 -2 -20 -5 -17 -9 -25 -21
right_child=2 3 6 8 7 -7 14 11 15 22 16 -13 13 -15 -16 26 -18 -19 24 29 -22 -23 -24 28 -26 -27 -28 -29 -30 -31
leaf_value=0.01140675301914895 -0.0039234630108203657 0.0031683089311855699 -0.0092521145361453994 0.0016231178475067439 0.0093329872155986232 -0.0060693325605591375 -0.011915467321922698 0.0093329872155986232 0.00013115601265775649 0.0052401063152561177 0.0052401063152561177 0.0052401063152561177 0.0017837245341184842 0.0031683089311855699 -0.01399919381008911 3.2545369480771724e-05 0.0084845859832503884 -0.0045054406356880138 0.0031683089311855699 0.0052401063152561177 0.0052401063152561177 0.0052401063152561177 0.008452252538636594 -0.0045054406356880138 0.0052401063152561177 0.00013115601265775649 -0.0019688885635941351 0.0052401063152561177 -0.0019688885635941351 0.0031683089311855699
leaf_weight=355.96011588722467 177.89287867955863 59.004189662635326 365.82177972141653 435.26820863224566 189.63885633647442 579.88885445520282 396.6565217981115 210.46441590040922 296.20199726894498 249.37978577241302 112.17709397524595 18.198710761964321 349.01535097882152 250.75790268182755 295.73902909830213 160.05889904871583 52.587414465844631 112.43376104906201 54.504507526755333 68.089155174791813 232.18422966822982 83.542652435600758 48.969938799738884 34.62540221773088 158.74193240702152 292.14335523173213 284.64156732335687 20.587687097489834 349.92359278909862 766.93713040277362
leaf_count=833 1507 142 6006 1932 383 7008 8010 459 1755 521 217 40 1232 739 6336 906 98 1045 126 146 478 182 92 342 316 1373 1833 53 2814 1833
internal_value=3.06443e-12 0.00373881 -0.00767658 0.00204738 0.00843283 -0.00438705 -0.0115771 0.00725922 0.000123634 0.00656544 0.00762584 0.00907613 0.00344381 0.00249136 -0.0128055 -0.0006875 0.00545483 -0.00294155 0.00384526 0.00359294 0.00500679 0.00325909 0.00530581 -0.00253107 0.00524011 0.000949812 -0.00140334 0.00933299 -0.00196889 0.00316831
internal_weight=7062.04 4749.06 2312.98 3491.09 1257.96 1254.76 1058.22 902.004 1468.31 652.753 354.403 249.251 2022.78 599.773 692.396 740.902 164.765 674.876 1423 1209.76 374.731 142.547 298.35 562.442 213.246 727.412 444.7 231.052 384.549 835.026
internal_count=48757 15689 33068 12993 2696 12716 20352 1863 7799 1311 698 552 5194 1971 14346 4494 315 5708 3223 2781 802 324 613 4663 442 3305 2739 512 3156 1979
cat_boundaries=0 1
cat_threshold=70
is_linear=0
shrinkage=0.01


Tree=30
num_leaves=31
num_cat=2
split_feature=14 14 14 14 14 14 14 7 14 15 0 19 14 18 14 21 18 21 11 20 9 18 11 0 20 1 11 8 20 18
split_gain=1966.26 367.557 290.255 91.4382 42.51 32.528 27.6009 11.0732 9.85022 8.38734 10.6119 7.70525 7.20223 6.90158 6.57281 7.31692 5.74516 6.63688 5.6488 9.06299 5.62009 5.3796 5.28026 5.71929 5.20745 5.10609 4.91843 4.75371 4.47604 4.3533
threshold=11.350000000000003 2.9500000000000006 35.550000000000004 5.4500000000000011 1.9500000000000002 68.450000000000017 17.950000000000003 9.5000000000000018 8.6500000000000004 0.38893406184757018 1750.0000000000002 6.5000000000000009 171.25000000000003 15.500000000000002 4.4500000000000011 4.166666666666667 42.500000000000007 6.166666666666667 511.00000000000006 0.44949494949494956 0 44.500000000000007 497.00000000000006 2300.0000000000005 0.14835164835164838 1 473.00000000000006 57.750000000000007 0.43650793650793657 76.500000000000014
decision_type=2 2 2 2 2 2 2 2 2 8 2 2 2 10 2 10 10 10 2 8 1 8 2 2 10 1 2 2 8 10
left_child=1 4 6 14 -1 -4 -2 9 13 10 20 -9 -7 -5 18 -16 -15 -18 19 24 -6 -22 23 -12 26 -10 -3 -24 29 -20
right_child=2 3 5 8 7 12 -8 11 25 -11 22 -13 -14 16 15 -17 17 -19 28 -21 21 -23 27 -25 -26 -27 -28 -29 -30 -31
leaf_value=0.011316953304489898 -0.0027664492348686192 0.0031540776607134392 -0.0090797551247809947 -0.00025526158443463335 0.0092618618970645578 -0.011825770046338367 -0.0057718977013528896 0.0092618618970645578 -0.0019480798052892287 0.0051967587708736237 0.0051967587708736237 0.0051967587708736237 -0.013901379652335922 0.0017650493064222741 0.0017650493064222741 0.0031540776607134392 -0.00025526158443463335 0.0017650493064222741 0.0031540776607134392 0.0031540776607134392 0.0051967587708736237 0.0090675261270609844 0.0092618618970645578 0.0092618618970645578 0.0051967587708736237 -0.00025526158443463335 0.0051967587708736237 0.0051967587708736237 0.0051967587708736237 0.0051967587708736237
leaf_weight=350.65295249223709 612.06056628003716 58.780629135668278 385.98227876983583 346.66511879861355 128.50628744065762 391.93861887510866 610.20433751028031 228.10803851112723 196.63017259910703 168.39617124944925 158.70440286397934 18.070066548883915 291.52134746871889 352.82881905138493 344.25370234251022 248.45750346779823 217.85498707182705 113.1923881098628 40.84771005064249 829.76479961723089 53.316644914448261 56.095581106841564 52.596666611731052 15.00259582698345 231.49054183810949 229.82631712406874 83.01547034829855 12.307719275355337 156.63320626318455 13.127319693565367
leaf_count=833 5106 142 6361 1749 267 8010 7255 512 1346 354 295 40 6336 1625 1232 739 1113 513 102 1979 115 121 107 30 478 1453 182 22 316 24
internal_value=-5.33697e-12 0.00369967 -0.00759583 0.0020261 0.00836742 -0.0114005 -0.00426689 0.00720677 0.000119359 0.00651805 0.00722724 0.00901105 -0.0127111 0.000648289 0.00341074 0.0025268 0.00124121 0.000247711 0.00378135 0.00351639 0.00872169 0.00685955 0.00573712 0.00519676 0.00484256 -0.00115881 0.00319607 0.00823137 0.00519676 0.00315408
internal_weight=6996.83 4705.13 2291.71 3463.37 1241.76 1069.44 1222.26 891.104 1457 644.926 476.53 246.178 683.46 1030.54 2006.37 592.711 683.876 331.047 1413.66 1203.05 237.919 109.412 238.611 173.707 373.287 426.456 141.796 64.9044 210.608 53.975
internal_count=48757 15689 33068 12993 2696 20707 12361 1863 7799 1311 957 552 14346 5000 5194 1971 3251 1626 3223 2781 503 236 454 325 802 2799 324 129 442 126
cat_boundaries=0 1 2
cat_threshold=4 1
is_linear=0
shrinkage=0.01


Tree=31
num_leaves=31
num_cat=3
split_feature=14 14 14 14 14 14 14 14 7 13 15 0 19 5 12 9 18 11 0 8 5 19 16 19 14 0 13 18 14 17
split_gain=1906.64 383.797 240.144 110.534 41.6689 30.0275 20.8766 13.1622 10.7355 10.6893 8.27055 10.5052 7.72899 6.08722 6.45159 5.49045 5.36639 5.25805 5.91958 4.74896 4.5564 7.37677 4.9609 4.41445 4.40175 4.37211 4.33617 4.20347 3.97175 3.95146
threshold=12.850000000000003 2.9500000000000006 43.750000000000007 5.7500000000000009 1.9500000000000002 21.850000000000005 119.85000000000001 9.0500000000000025 9.5000000000000018 2.5000000000000004 0.38893406184757018 1750.0000000000002 6.5000000000000009 0 1.5000000000000002 1 44.500000000000007 497.00000000000006 2300.0000000000005 57.750000000000007 2 5.5000000000000009 0.35376457508419368 3.5000000000000004 16.050000000000004 1850.0000000000002 1.5000000000000002 96.500000000000014 68.450000000000017 4.5000000000000009
decision_type=2 2 2 2 2 2 2 2 2 2 8 2 2 9 2 1 8 2 2 2 9 2 8 2 2 2 2 10 2 10
left_child=1 4 5 9 -1 24 28 13 10 20 11 15 26 14 -5 -6 -17 18 -13 -19 21 27 -22 -9 -2 -23 -10 -3 -4 -29
right_child=2 3 6 7 8 -7 -8 23 12 -11 -12 17 -14 -15 -16 16 -18 19 -20 -21 22 25 -24 -25 -26 -27 -28 29 -30 -31
leaf_value=0.011225999864599235 -0.0026007897495855322 0.0027328931534366932 -0.0095074045677479534 0.00149958599455288 0.0091774279367857776 -0.0066918794226534855 -0.013416743861321126 -0.0022472924744502301 0.0091774279367857776 0.0018388418929769119 0.0050454503300110922 0.0050454503300110922 0.0050454503300110922 -0.00057287466206028725 -0.00021215600392447136 0.0050454503300110922 0.0090031368043143652 0.0091774279367857776 0.0091774279367857776 0.0050454503300110922 0.0045181685690214813 0.0050454503300110922 0.0027328931534366932 -0.00057287466206028725 -0.0042712334567666576 0.0027328931534366932 0.0050454503300110922 0.0027328931534366932 -0.011284503864139988 0.0050454503300110922
leaf_weight=345.39243536069989 299.19585984572768 603.12665894627571 250.50927128642797 427.43734258972108 127.1092212125659 539.88899790495634 421.45581126026809 337.98066115751863 205.37767301499844 415.88087707012892 166.89549410715699 157.70983103662729 17.950465686619282 220.47981168329716 321.29740265384316 52.91434283927083 55.317241489887238 51.913098767399788 14.812941104173659 12.271729707717894 797.47212727367878 130.58763091266155 95.341998480260372 183.6202604137361 333.67167627532035 20.738281838595867 20.100955978035927 26.09883975237608 252.55795227736235 31.41682007163763
leaf_count=833 2497 1458 4246 2037 267 7177 9332 2423 459 1759 354 295 40 1195 1673 115 121 107 30 22 1830 287 243 1215 3493 59 53 65 5014 58
internal_value=7.09364e-12 0.00345146 -0.00796387 0.00180944 0.00828146 -0.00495943 -0.011775 -0.00027711 0.00712886 0.00327628 0.00644802 0.00714659 0.00891588 0.000412196 0.000859078 0.00864271 0.00679109 0.00565911 0.00504545 0.00814074 0.00362694 0.00290979 0.00419953 -0.00155795 -0.00348151 0.0049951 0.00917743 0.00273289 -0.0103996 0.00504545
internal_weight=6936.52 4839.24 2097.28 3611.48 1227.77 1172.76 924.523 1490.82 882.373 2120.66 638.944 472.048 243.429 969.215 748.735 235.341 108.232 236.708 172.523 64.1848 1704.78 811.968 892.814 521.601 632.868 151.326 225.479 660.642 503.067 57.5157
internal_count=48757 16998 31759 14302 2696 13167 18592 8543 1863 5759 1311 957 552 4905 3710 503 236 454 325 129 4000 1927 2073 3638 5990 346 512 1581 9260 123
cat_boundaries=0 1 2 3
cat_threshold=275 4 83
is_linear=0
shrinkage=0.01


Tree=32
num_leaves=31
num_cat=3
split_feature=14 14 14 14 14 14 14 14 7 13 15 0 19 5 12 9 18 11 0 14 5 19 18 8 19 16 15 16 15 15
split_gain=1849.17 373.748 234.121 106.622 40.6805 25.7898 23.507 12.6881 10.799 10.1775 8.06461 10.306 7.63592 5.83882 6.33092 5.43826 5.28021 5.07777 5.78252 5.00663 4.75025 6.07544 4.74568 4.69135 4.44302 4.29008 4.32423 7.07059 6.48295 4.22666
threshold=12.850000000000003 2.9500000000000006 40.850000000000001 5.7500000000000009 1.9500000000000002 20.650000000000002 119.85000000000001 9.0500000000000025 9.5000000000000018 2.5000000000000004 0.38893406184757018 1750.0000000000002 6.5000000000000009 0 1.5000000000000002 1 44.500000000000007 497.00000000000006 2300.0000000000005 68.450000000000017 2 5.5000000000000009 91.500000000000014 57.750000000000007 3.5000000000000004 0.38924645358428483 0.34611861315634362 0.24295102941892213 0.27160249333702297 0.38670782230091
decision_type=2 2 2 2 2 2 2 2 2 2 8 2 2 9 2 1 8 2 2 2 9 2 8 2 2 8 10 10 8 10
left_child=1 4 5 9 -1 22 19 13 10 20 11 15 -10 14 -5 -6 -17 18 -13 -4 21 -3 -2 -19 -9 26 27 28 -22 -23
right_child=2 3 6 7 8 -7 -8 24 12 -11 -12 17 -14 -15 -16 16 -18 23 -20 -21 25 29 -24 -25 -26 -27 -28 -29 -30 -31
leaf_value=0.011136024598028227 -0.0027281677785897808 0.0026973027342181645 -0.0092512991946562765 0.0014799282996839386 0.0090986759938156848 -0.0063446314673119676 -0.01331239560078995 -0.0022298771196022998 0.0090986759938156848 0.0018215820422781265 0.0049947952881663291 0.0049947952881663291 0.0049947952881663291 -0.00056261371754961673 -0.00021947417828243818 0.0049947952881663291 0.008926151257987118 0.0090986759938156848 0.0090986759938156848 -0.011184921148384683 0.0049947952881663291 0.0049947952881663291 -0.004725839503540219 0.0049947952881663291 -0.00056261371754961673 0.0026973027342181645 0.0049947952881663291 0.0026973027342181645 0.0026973027342181645 0.0026973027342181645
leaf_weight=340.47411267831922 407.51513259019703 656.99153401702642 288.95541654899716 425.18265631608665 125.73586523532867 546.34431057330221 415.89369332510978 335.26248041912913 222.6350627578795 412.47345125675201 165.71266880258918 156.76321901381016 17.826033048331738 219.38233518227935 318.80751298181713 52.593120362609625 54.583691298961639 51.272404223680496 14.599079847335814 249.55466012563556 223.67280665785074 136.62380467355251 167.92035422287881 12.197524756193159 182.39674402028322 39.824519872665405 298.08209477365017 245.82694912329316 80.485630810260773 14.375972613692282
leaf_count=833 3739 1581 4940 2037 267 7107 9332 2423 512 1759 354 295 40 1195 1673 115 121 107 30 5014 503 305 1627 22 1215 111 678 589 192 41
internal_value=5.33025e-13 0.00340829 -0.00788596 0.00178586 0.00820373 -0.00478854 -0.0115266 -0.000270519 0.00706133 0.00323038 0.00637644 0.0070707 0.00886556 0.000407968 0.000846788 0.00856117 0.0067108 0.00559241 0.0049948 -0.0101474 0.00357302 0.00284924 -0.00331112 0.00804794 -0.0015332 0.00415282 0.00439103 0.00383361 0.00485587 0.00474937
internal_weight=6879.96 4803.78 2076.18 3589.39 1214.39 1121.78 954.404 1481.03 873.919 2108.36 633.458 467.745 240.461 963.373 743.99 232.913 107.177 234.832 171.362 538.51 1695.88 807.991 575.435 63.4699 517.659 887.892 848.067 549.985 304.158 151
internal_count=48757 16998 31759 14302 2696 12473 19286 8543 1863 5759 1311 957 552 4905 3710 503 236 454 325 9954 4000 1927 5366 129 3638 2073 1962 1284 695 346
cat_boundaries=0 1 2 3
cat_threshold=275 4 83
is_linear=0
shrinkage=0.01


Tree=33
num_leaves=31
num_cat=3
split_feature=14 14 14 14 14 14 14 14 7 13 15 0 19 19 9 18 21 5 19 11 0 14 8 5 16 16 14 8 6 7
split_gain=1794.52 363.238 228.57 104.059 39.8552 30.9125 17.8833 11.9133 10.5412 9.92809 7.86411 10.1069 7.42918 6.59549 5.33606 5.18403 5.1595 5.00575 5.76397 4.91114 5.69354 4.7538 4.6207 4.35295 5.69614 4.32604 4.3242 4.18324 5.76728 6.95905
threshold=12.850000000000003 2.9500000000000006 46.250000000000007 5.7500000000000009 1.9500000000000002 21.850000000000005 119.85000000000001 8.8500000000000032 9.5000000000000018 2.5000000000000004 0.38893406184757018 1750.0000000000002 6.5000000000000009 5.5000000000000009 0 44.500000000000007 8.1666666666666696 1 5.5000000000000009 497.00000000000006 2300.0000000000005 30.850000000000005 57.750000000000007 2 0.20772222642871721 0.38924645358428483 16.650000000000002 55.750000000000007 6.5000000000000009 5.5000000000000009
decision_type=2 2 2 2 2 2 2 2 2 2 8 2 2 2 1 8 10 9 2 2 2 2 2 9 8 8 2 2 2 2
left_child=1 4 5 9 -1 26 -4 13 10 17 11 14 -10 16 -6 -16 23 18 -3 20 -13 -7 -21 24 -5 27 -2 28 29 -19
right_child=2 3 6 7 8 21 -8 -9 12 -11 -12 19 -14 -15 15 -17 -18 25 -20 22 -22 -23 -24 -25 -26 -27 -28 -29 -30 -31
leaf_value=0.0110466213580781 -0.0026590338753417282 0.0026672675381650634 -0.0103436571811907 0.0014617361226352005 0.0090172323614061689 -0.0057890995234020481 -0.013212656898379362 -0.0014378324164851187 0.0090172323614061689 0.0017991559792855027 0.0049433089583508488 0.0049433089583508488 0.0049433089583508488 0.0014617361226352005 0.0049433089583508488 0.0088542012430305357 0.0014617361226352005 0.0026672675381650634 0.0046668753069052495 0.0090172323614061689 0.0090172323614061689 -0.0076334837368180345 0.0049433089583508488 -0.00050795493335686231 -0.00043880067338150392 0.0026672675381650634 -0.0043336080341900354 0.0049433089583508488 0.0026672675381650634 0.0049433089583508488
leaf_weight=335.70210045203567 342.1052851062268 654.51986462250352 461.67086868640035 104.96081264689565 124.45624507218599 299.63241446204484 410.39638784341514 549.86331212520599 220.31602938100696 409.27429324015975 164.50794888660312 155.81415213644505 17.67327968776226 151.25213584676385 52.255006317049265 53.880867622792721 75.513481412082911 147.37438029795885 149.88532285392284 50.652089685201645 14.414506107568739 261.88748545758426 12.164755329489706 386.54918193630874 203.74036161229014 39.131967261433601 280.7551351711154 432.97892804071307 105.03434181213379 157.54626675695181
leaf_count=833 2924 1581 8736 469 267 3658 9332 3869 512 1759 354 295 40 700 115 121 355 359 346 107 30 4043 22 2128 1022 111 3066 986 265 352
internal_value=-1.03944e-11 0.00336681 -0.00780854 0.00176506 0.00812156 -0.00494779 -0.0116938 -0.000272843 0.00698784 0.00319632 0.00630879 0.00699813 0.00878012 0.000421923 0.00848242 0.00664047 -4.24276e-06 0.00353538 0.0028012 0.00552947 0.00494331 -0.0066493 0.00795875 -0.000305924 0.000704924 0.00412638 -0.00341385 0.00436615 0.00363742 0.00444401
internal_weight=6825.91 4769.46 2056.45 3567.62 1201.84 1184.38 872.067 1471.88 866.135 2095.75 628.146 463.638 237.989 922.016 230.592 106.136 770.764 1686.47 804.405 233.046 170.229 561.52 62.8168 695.25 308.701 882.066 622.86 842.934 409.955 304.921
internal_count=48757 16998 31759 14302 2696 13691 18068 8543 1863 5759 1311 957 552 4674 503 236 3974 4000 1927 454 325 7701 129 3619 1491 2073 5990 1962 976 711
cat_boundaries=0 1 2 3
cat_threshold=4 83 19
is_linear=0
shrinkage=0.01


Tree=34
num_leaves=31
num_cat=3
split_feature=14 14 14 14 14 14 14 14 7 13 15 0 19 5 12 9 18 17 5 19 11 0 14 8 18 17 8 6 18 13
split_gain=1741.37 375.233 187.755 118.448 39.1297 21.3325 17.5628 16.3076 10.2692 9.55615 7.81976 9.93101 7.37924 5.71384 5.91367 5.26999 5.18193 5.07895 4.91397 5.52667 4.82702 5.83685 4.73495 4.61367 4.08515 4.05058 4.42207 3.99544 3.98741 3.9247
threshold=14.350000000000003 2.9500000000000006 46.250000000000007 5.7500000000000009 1.9500000000000002 21.850000000000005 119.85000000000001 9.0500000000000025 9.5000000000000018 2.5000000000000004 0.38893406184757018 1750.0000000000002 6.5000000000000009 0 1.5000000000000002 1 44.500000000000007 2.5000000000000004 2 5.5000000000000009 497.00000000000006 2300.0000000000005 30.850000000000005 57.750000000000007 61.500000000000007 2.5000000000000004 55.750000000000007 6.5000000000000009 96.500000000000014 1.5000000000000002
decision_type=2 2 2 2 2 2 2 2 2 2 8 2 2 9 2 1 8 10 9 2 2 2 2 2 8 10 2 2 10 2
left_child=1 4 5 9 -1 -2 -4 13 10 18 11 15 29 14 -5 -6 -17 -9 19 28 21 -13 -7 -22 -16 -21 -27 -19 -3 -10
right_child=2 3 6 7 8 22 -8 17 12 -11 -12 20 -14 -15 24 16 -18 27 -20 25 23 -23 -24 -25 -26 26 -28 -29 -30 -31
leaf_value=0.010959010279700539 -0.0036999852200547884 0.0026339666641222738 -0.010250268541581198 0.0013497082798367441 0.0089356221426690387 -0.0057307590036450671 -0.013110792099008379 -0.0024991688202208274 0.0089356221426690387 0.0017792129160083218 0.0048096412924271683 0.0048096412924271683 0.0048096412924271683 -0.00064355720137554656 0.00095368608043396562 0.0048096412924271683 0.0087867877371485322 -0.00064355720137554656 0.0040758631063136401 0.0048096412924271683 0.0089356221426690387 0.0089356221426690387 -0.0075801492378804441 0.0048096412924271683 -0.00064355720137554656 0.0048096412924271683 0.0026339666641222738 -0.0024991688202208274 0.0048096412924271683 0.0048096412924271683
leaf_weight=331.08049077913165 471.1832271842286 595.71723188459873 456.50964904669672 420.86847691982985 123.24043828248978 297.41929335240275 405.10183578263968 219.43526454269886 198.52693183720112 406.20569827780128 163.35620095208287 154.95048142969608 17.555414907634258 217.21015160530806 180.14363619312644 51.906206026673317 53.195117443799973 318.41408221796155 876.07182040065527 59.399932108819485 50.064835481345654 14.235031381249426 258.99078919738531 12.119907408952711 134.52449180558324 33.375269256532192 56.13885822892189 119.75972439907491 56.180610708892345 19.409535940736532
leaf_count=833 4763 1458 8736 2037 267 3658 9332 1664 459 1759 354 295 40 1195 919 115 121 2292 2073 129 107 30 4043 22 754 70 147 909 123 53
internal_value=-1.09369e-11 0.00315406 -0.0081524 0.00158082 0.00803846 -0.0052657 -0.0115952 -0.000455947 0.00691223 0.00315536 0.00623987 0.00692469 0.00869118 0.000380097 0.000811304 0.00840419 0.00656333 -0.00166721 0.00348872 0.00276102 0.00546456 0.00480964 -0.00659159 0.00786877 -0.000240716 0.00459653 0.00266473 -0.00101664 0.00263397 0.00893562
internal_weight=6772.29 4883.09 1889.2 3693.45 1189.64 1027.59 861.611 1610.36 858.56 2083.09 623.068 459.712 235.492 952.747 735.537 228.342 105.101 657.609 1676.88 800.812 231.37 169.186 556.41 62.1847 314.668 148.914 89.5141 438.174 651.898 217.936
internal_count=48757 18225 30532 15529 2696 12464 18068 9770 1863 5759 1311 957 552 4905 3710 503 236 4865 4000 1927 454 325 7701 129 1673 346 217 3201 1581 512
cat_boundaries=0 1 2 3
cat_threshold=275 4 83
is_linear=0
shrinkage=0.01


Tree=35
num_leaves=31
num_cat=2
split_feature=14 14 14 14 14 14 14 14 7 13 15 0 19 12 5 11 18 5 19 11 0 14 8 17 17 8 16 12 17 13
split_gain=1690.6 369.698 176.307 117.789 38.2448 19.0015 17.3176 16.8328 10.3018 9.04128 7.65645 9.80475 7.35519 5.79896 6.2479 5.22906 4.84916 4.8172 5.37799 4.71424 5.74916 4.65466 4.5485 4.53992 4.06739 4.09815 3.78832 3.66927 3.63312 3.63025
threshold=14.65 2.9500000000000006 46.250000000000007 5.7500000000000009 1.9500000000000002 21.850000000000005 119.85000000000001 9.2500000000000018 9.5000000000000018 2.5000000000000004 0.38893406184757018 1750.0000000000002 6.5000000000000009 1.0000000180025095e-35 0 461.00000000000006 47.500000000000007 1 5.5000000000000009 497.00000000000006 2300.0000000000005 30.850000000000005 57.750000000000007 2.5000000000000004 2.5000000000000004 55.750000000000007 0.38924645358428483 2.5000000000000004 4.5000000000000009 3.5000000000000004
decision_type=2 2 2 2 2 2 2 2 2 2 8 2 2 2 9 2 8 9 2 2 2 2 2 10 10 2 8 2 10 2
left_child=1 4 5 9 -1 -2 -4 13 10 17 11 15 -10 14 -5 16 -6 18 -3 20 -13 -7 -21 -9 -20 -26 -19 29 -17 -11
right_child=2 3 6 7 8 21 -8 23 12 27 -12 19 -14 -15 -16 28 -18 26 24 22 -22 -23 -24 -25 25 -27 -28 -29 -30 -31
leaf_value=0.010871823595999638 -0.0037448326318903374 0.0026006088217718736 -0.010155700927694964 -0.0006951969479964895 0.0047462053032228156 -0.0056750682408977585 -0.013013408965662346 -0.0025387320991647352 0.0088590747435535865 0.0026006088217718736 0.0047462053032228156 0.0047462053032228156 0.0047462053032228156 -0.00060764742845392946 0.0013132445314096059 0.0088590747435535865 0.0085266748942354909 0.0042398400805417494 0.0047462053032228156 0.0088590747435535865 0.0088590747435535865 -0.0075175648597170684 0.0047462053032228156 -0.0011172140287689892 0.0047462053032228156 0.0026006088217718736 0.0026006088217718736 0.0013132445314096059 0.0047462053032228156 0.0013132445314096059
leaf_weight=326.58733752369881 440.27522415667772 649.5304165109992 451.47975824028254 153.0248223785311 31.996012926101685 295.12972711399198 399.87479072064161 215.75783823989332 215.342399507761 251.04525539651513 162.29294534027576 154.17949771136045 17.438887983560562 387.42032326571643 438.88568636029959 137.49681253731251 43.052161037921906 834.8162607960403 58.76145151257515 49.494586490094662 14.055596351623533 256.08273645024747 12.072315156459807 432.4658464640379 33.273753650486469 55.561493836343288 38.070210210978985 113.61515827104449 13.562802009284495 38.523364990949631
leaf_count=833 4535 1581 8736 857 77 3658 9332 1664 512 1086 354 295 40 2102 2158 299 94 1962 129 107 30 4043 22 3217 70 147 111 517 33 156
internal_value=1.1563e-12 0.00308253 -0.00816 0.00152965 0.00796276 -0.00529382 -0.0114979 -0.000483886 0.00684633 0.00311038 0.00617117 0.00685161 0.00863935 0.000343498 0.000966047 0.00833003 0.00606428 0.00343485 0.00271397 0.00539695 0.00474621 -0.00653106 0.00778557 -0.00173389 0.00453996 0.00260061 0.00401607 0.00176636 0.00885907 0.00255945
internal_weight=6721.17 4878.32 1842.84 3700.75 1177.57 991.488 851.355 1627.55 850.984 2073.2 618.203 455.91 232.781 979.331 591.911 226.108 75.0482 1670.01 797.127 229.802 168.235 551.212 61.5669 648.224 147.597 88.8352 872.886 403.184 151.06 289.569
internal_count=48757 18453 30304 15757 2696 12236 18068 9998 1863 5759 1311 957 552 5117 3015 503 171 4000 1927 454 325 7701 129 4881 346 217 2073 1759 332 1242
cat_boundaries=0 1 2
cat_threshold=228 83
is_linear=0
shrinkage=0.01


Tree=36
num_leaves=31
num_cat=1
split_feature=14 14 14 14 14 14 14 14 7 14 15 0 21 19 11 20 12 5 11 18 11 0 14 8 17 20 11 15 15 6
split_gain=1642.11 360.252 171.701 113.977 37.5187 18.4329 17.0805 16.5108 10.0005 8.66428 7.54195 9.81442 7.4987 7.21932 5.85457 9.0765 5.66265 6.02584 5.24571 4.73069 4.57518 5.65244 4.57043 4.47859 4.40768 4.30332 4.60807 4.19822 3.77776 3.57384
threshold=14.65 2.9500000000000006 46.250000000000007 5.7500000000000009 1.9500000000000002 21.850000000000005 119.85000000000001 9.2500000000000018 9.5000000000000018 4.4500000000000011 0.38893406184757018 1750.0000000000002 4.8333333333333348 6.5000000000000009 511.00000000000006 0.44949494949494956 1.0000000180025095e-35 0 461.00000000000006 47.500000000000007 497.00000000000006 2300.0000000000005 30.850000000000005 57.750000000000007 2.5000000000000004 0.14835164835164838 473.00000000000006 0.20660697416963456 0.15365668061024174 6.5000000000000009
decision_type=2 2 2 2 2 2 2 2 2 2 8 2 10 2 2 8 2 9 2 8 2 2 2 2 10 10 2 10 8 2
left_child=1 4 5 9 -1 -2 -4 16 10 14 11 18 27 -10 15 25 17 -5 19 -6 21 -13 -7 -22 -9 26 -3 -11 -17 -26
right_child=2 3 6 7 8 22 -8 24 13 12 -12 20 -14 -15 -16 28 -18 -19 -20 -21 23 -23 -24 -25 29 -27 -28 -29 -30 -31
leaf_value=0.010790335096629682 -0.003715834386623072 0.002845776811713675 -0.01006269279035828 -0.00068825074912482755 0.0046986592012810751 -0.0056214995912043184 -0.012917544861469597 -0.0025211673362817771 0.0087848114386562953 0.002845776811713675 0.0046986592012810751 0.0046986592012810751 0.002845776811713675 0.0046986592012810751 0.0046986592012810751 0.0046986592012810751 -0.00060071044587869818 0.0012944406947041753 0.0087848114386562953 0.0084422775077070186 0.0087848114386562953 0.0087848114386562953 -0.0074554837160171897 0.0046986592012810751 -0.00068825074912482755 0.0046986592012810751 0.0046986592012810751 0.0012944406947041753 0.002845776811713675 -0.0025211673362817771
leaf_weight=322.2686314098537 436.5136607689783 56.573059372603893 446.70569802634418 152.14336337521672 31.801020547747612 293.0295689702034 394.7879729019478 213.96995327435434 213.20757418498397 128.3619671985507 161.31482299789786 153.40559661388397 244.59327755868435 17.329536058008671 202.6641910225153 65.58026534318924 384.12588698789477 436.5596934594214 149.28003131598234 42.588863998651505 48.948249243199825 13.877236679196356 253.38079820293933 12.040528014302252 313.21203696727753 223.53454192727804 79.887870252132416 324.94970002770424 737.22378418594599 116.95388655364513
leaf_count=833 4535 142 8736 857 77 3658 9332 1664 512 452 354 295 797 40 442 146 2102 2158 332 94 107 30 4043 22 2307 478 182 1287 1833 910
internal_value=-4.10708e-12 0.00304414 -0.00808647 0.00150948 0.00788783 -0.00524797 -0.0114021 -0.000478459 0.00677929 0.00306734 0.0061118 0.00679116 0.00216094 0.00855488 0.00353061 0.00324759 0.000343792 0.000960075 0.00827988 0.0059887 0.00533245 0.00469866 -0.00647195 0.00769951 -0.00172029 0.00459013 0.00291412 0.00130426 0.00284578 -0.00111224
internal_weight=6670.81 4846.4 1824.42 3680.33 1166.06 982.924 841.494 1616.96 843.793 2063.37 613.256 451.942 697.905 230.537 1365.46 1162.8 972.829 588.703 223.67 74.3899 228.272 167.283 546.41 60.9888 644.136 359.995 136.461 453.312 802.804 430.166
internal_count=48757 18453 30304 15757 2696 12236 18068 9998 1863 5759 1311 957 2536 552 3223 2781 5117 3015 503 171 454 325 7701 129 4881 802 324 1739 1979 3217
cat_boundaries=0 1
cat_threshold=228
is_linear=0
shrinkage=0.01


Tree=37
num_leaves=31
num_cat=2
split_feature=14 14 14 14 14 14 14 14 7 13 16 21 11 20 19 17 12 5 5 19 20 12 6 11 16 6 12 17 8 13
split_gain=1597.35 366.941 141.521 125.732 36.8106 20.3564 16.6881 12.6259 9.76195 8.46468 7.63777 10.9455 11.6712 8.95726 7.1817 6.04941 5.565 5.61711 4.5982 5.3305 4.42331 4.89754 4.3756 3.97046 3.88028 3.84583 3.83152 3.68339 3.86459 3.60648
threshold=16.050000000000004 2.9500000000000006 52.45000000000001 5.7500000000000009 1.9500000000000002 9.2500000000000018 30.850000000000005 122.25000000000001 9.5000000000000018 2.5000000000000004 0.28053354580063466 5.8333333333333348 485.00000000000006 0.52272727272727282 6.5000000000000009 2.5000000000000004 1.0000000180025095e-35 0 1 5.5000000000000009 0.70714285714285718 5.5000000000000009 5.5000000000000009 435.00000000000006 0.38924645358428483 7.5000000000000009 2.5000000000000004 2.5000000000000004 55.750000000000007 3.5000000000000004
decision_type=2 2 2 2 2 2 2 2 2 2 8 8 2 8 2 10 2 9 9 2 10 2 2 2 8 2 2 10 2 2
left_child=1 4 6 9 -1 16 -2 -4 10 18 11 12 -6 22 -10 -7 17 -5 19 -3 21 -14 -12 -17 -20 -25 29 -21 -29 -11
right_child=2 3 7 5 8 15 -8 -9 14 26 13 -13 20 -15 -16 23 -18 -19 24 27 -22 -23 -24 25 -26 -27 -28 28 -30 -31
leaf_value=0.010708836491558895 -0.0047867211877962194 0.0025461740785983462 -0.010277782699620276 -0.00075694584884014138 0.0045907957679303417 -0.0027506313747089279 -0.0076110341131566022 -0.012847682848854172 0.0087101529923195985 0.0025461740785983462 0.0087101529923195985 0.0087101529923195985 0.0045907957679303417 0.0045907957679303417 0.0045907957679303417 -0.0027506313747089279 -0.00060253128627763355 0.0012105523737280563 0.0041599352597296337 0.0045907957679303417 0.0087101529923195985 0.0087101529923195985 0.0045907957679303417 -0.00075694584884014138 0.0025461740785983462 -0.0027506313747089279 0.0012105523737280563 0.0045907957679303417 0.0025461740785983462 0.0012105523737280563
leaf_weight=317.89808620885015 609.64498188067228 643.0178863145411 381.44594887271523 151.71970515884459 132.46152451634407 247.89359733276069 318.5120141999796 383.25496892351657 211.1362135745585 248.12274975329638 59.996506169438362 102.83161243051291 30.892525345087051 198.53925625234842 17.224422805011272 43.108354713767767 381.03272642754018 434.88104571029544 825.62037129327655 57.894592307507992 56.313184387981892 12.848955139517782 14.444794937968252 399.16500589251518 37.901071488857269 65.013207163661718 112.08146237581968 32.781083978712559 54.811720877885818 37.867775488644838
leaf_count=833 7151 1581 7674 857 304 2006 5266 9171 512 1086 118 212 78 432 40 391 2102 2158 1962 129 110 25 32 3004 111 522 517 70 147 156
internal_value=-1.6848e-11 0.0028791 -0.00838036 0.00136951 0.00781208 -0.000621868 -0.00575593 -0.0115658 0.00671147 0.00304297 0.00604967 0.00706062 0.00577218 0.00480774 0.00847444 -0.00185231 0.00033842 0.000949625 0.00335839 0.00264989 0.0084519 0.00550626 0.0080844 -0.00120343 0.00392916 -0.000887431 0.00173395 0.00448682 0.00254617 0.00252244
internal_weight=6620.36 4927.5 1692.86 3772.91 1154.59 1722.81 928.157 764.701 836.689 2050.1 608.328 335.348 232.516 272.981 228.361 755.18 967.633 586.601 1652.03 788.505 100.055 43.7415 74.4413 507.287 863.521 464.178 398.072 145.487 87.5928 285.991
internal_count=48757 19495 29262 16799 2696 11040 12417 16845 1863 5759 1311 729 517 582 552 5923 5117 3015 4000 1927 213 103 150 3917 2073 3526 1759 346 217 1242
cat_boundaries=0 1 2
cat_threshold=228 83
is_linear=0
shrinkage=0.01


Tree=38
num_leaves=31
num_cat=2
split_feature=14 14 14 14 14 14 14 14 15 18 13 11 17 17 21 12 5 17 21 16 15 5 16 11 6 12 10 7 17 11
split_gain=1556.72 361.929 139.133 122.434 35.0764 19.8267 16.2252 12.0816 9.59316 11.4147 8.26348 6.58451 6.25581 5.79559 5.74077 5.4384 5.48996 5.1231 4.67141 6.90427 5.6194 4.49556 5.53281 4.2875 4.26414 7.59777 6.36565 7.78772 4.07893 3.97103
threshold=16.050000000000004 2.9500000000000006 52.45000000000001 5.7500000000000009 1.9500000000000002 9.2500000000000018 30.850000000000005 122.25000000000001 0.38893406184757018 27.500000000000004 2.5000000000000004 485.00000000000006 3.5000000000000004 2.5000000000000004 4.8333333333333348 1.0000000180025095e-35 0 8.5000000000000018 2.8333333333333335 0.30405565311894467 0.22085924970411477 1 0.33397916802198097 437.00000000000006 6.5000000000000009 3.5000000000000004 3.5000000000000004 10.500000000000002 1.5000000000000002 523.00000000000011
decision_type=2 2 2 2 2 2 2 2 8 8 2 2 10 10 10 2 9 10 8 10 10 9 8 2 2 2 2 2 8 2
left_child=1 4 6 10 -1 15 -2 -4 9 11 21 -6 -13 -7 23 16 -5 18 19 20 -11 22 -3 -10 26 -26 27 -23 -24 -28
right_child=2 3 7 5 8 13 -8 -9 14 17 -12 12 -14 -15 -16 -17 -18 -19 -20 -21 -22 24 28 -25 25 -27 29 -29 -30 -31
leaf_value=0.010628793368141766 -0.0047485649623176121 0.0025108034458759814 -0.010229010671004608 -0.00075570333694601095 0.004565772623050959 -0.0027344270452452535 -0.007548392527985631 -0.012757029521607503 0.0086652139008493567 0.004565772623050959 0.0017056572024923191 0.0086652139008493567 0.004565772623050959 -0.0012051368587519017 0.0086652139008493567 -0.00060567569787101224 0.0011912550400862071 0.004565772623050959 0.0086652139008493567 0.004565772623050959 0.0086652139008493567 0.004565772623050959 0.0025108034458759814 0.004565772623050959 0.0025108034458759814 0.004565772623050959 0.0025108034458759814 0.0025108034458759814 0.004565772623050959 0.004565772623050959
leaf_weight=313.7403976842761 605.61204144544899 462.31071532517672 377.4232744728215 151.19872471503913 108.88024771213531 245.94349982775748 314.44978696573526 378.7583695454523 9.0866547487676126 18.127940945327282 395.20633902773261 71.400990225374699 14.691997297108172 504.64515844359994 25.136060975492001 378.28550254367292 432.95961260795593 11.719836451113222 287.00252175703645 38.251814663410187 58.096094958484173 536.83426493406296 18.794267699122429 184.38854144513607 225.40667186677456 78.350311975926161 179.90366214886308 45.979203768074512 76.030545510351658 22.125442005693913
leaf_count=833 7151 1128 7674 857 273 2006 5266 9171 18 49 1759 158 33 3917 52 2102 2158 26 601 91 121 1261 53 441 571 186 447 132 176 46
internal_value=-2.43468e-11 0.00284848 -0.00831733 0.00134961 0.00778194 -0.000621624 -0.00570546 -0.0114953 0.00670163 0.00734745 0.00300413 0.00535305 0.0075744 -0.00183985 0.00490499 0.000328446 0.000933358 0.00828853 0.0085078 0.00662374 0.00849241 0.00331595 0.0025108 0.00456577 0.00373354 0.00276181 0.0041572 0.00456577 0.00456577 0.00261658
internal_weight=6570.74 4894.5 1676.24 3753.97 1140.52 1713.03 920.062 756.182 826.783 608.171 2040.94 194.973 86.093 750.589 218.611 962.444 584.158 413.198 401.478 114.476 76.224 1645.74 557.136 193.475 1088.6 303.757 784.843 582.813 94.8248 202.029
internal_count=48757 19495 29262 16799 2696 11040 12417 16845 1863 1352 5759 464 191 5923 511 5117 3015 888 862 261 170 4000 1357 459 2643 757 1886 1393 229 493
cat_boundaries=0 1 2
cat_threshold=228 81
is_linear=0
shrinkage=0.01


Tree=39
num_leaves=31
num_cat=2
split_feature=14 14 14 14 14 14 14 14 15 18 5 14 11 11 11 17 16 19 21 14 21 17 21 17 21 16 15 5 16 19
split_gain=1518.67 317.519 199.195 88.0568 33.3702 21.6535 19.7555 10.1506 9.02802 10.7715 8.02071 6.92365 6.6834 7.36254 6.14031 5.9499 5.91794 5.81798 5.26798 5.26644 5.32849 4.70467 4.62395 4.3618 4.55187 6.01366 5.49414 4.27448 4.72949 4.2483
threshold=12.850000000000003 2.9500000000000006 40.850000000000001 5.7500000000000009 1.9500000000000002 20.650000000000002 119.85000000000001 8.8500000000000032 0.38893406184757018 27.500000000000004 0 3.7500000000000004 513.00000000000011 461.00000000000006 485.00000000000006 3.5000000000000004 0.38924645358428483 5.5000000000000009 4.8333333333333348 4.4500000000000011 6.166666666666667 3.5000000000000004 8.1666666666666696 8.5000000000000018 2.8333333333333335 0.30405565311894467 0.22085924970411477 1 0.20772222642871721 1.5000000000000002
decision_type=2 2 2 2 2 2 2 2 8 8 9 2 2 2 2 10 8 2 10 2 10 10 10 10 8 10 10 9 8 2
left_child=1 4 5 10 -1 29 -4 17 9 14 11 12 13 -3 -6 -16 19 22 -10 -12 -21 -13 27 24 25 26 -11 28 -5 -2
right_child=2 3 6 7 8 -7 -8 -9 18 23 16 21 -14 -15 15 -17 -18 -19 -20 20 -22 -23 -24 -25 -26 -27 -28 -29 -30 -31
leaf_value=0.010548972343058348 -0.0042033313913431448 0.0046965029248679417 -0.0096192352967902923 0.0013531960136313294 0.0046965029248679417 -0.0059624115948496634 -0.012644033181936506 -0.0013629880929369796 0.0046965029248679417 0.0046965029248679417 0.0043133894939657779 0.0013531960136313294 0.0046965029248679417 0.0024655886669671711 0.0086213516861626798 0.0046965029248679417 0.0013531960136313294 0.0013531960136313294 0.0086213516861626798 0.001901108513064582 0.0035403502176126569 0.0024655886669671711 0.0013531960136313294 0.0046965029248679417 0.0086213516861626798 0.0046965029248679417 0.0086213516861626798 -0.00048981873146394903 -0.00037125017402601777 -0.002397275814944005
leaf_weight=309.67238203063607 214.64493487030268 95.391222082078457 498.24984297947958 101.87338827550411 107.75527516752481 517.52861811127514 381.05447735264897 531.34111990965903 190.8627990372479 18.155979819595814 685.85486292093992 344.30306328088045 64.193237416446209 208.44411891326308 70.252376928925514 14.561775572597979 44.477988060563803 145.52808989956975 24.787935428321362 270.48378861695528 54.105401199311018 263.78503860905766 72.974355846643448 11.336214624345301 283.95941118896008 37.659143298864365 57.181177966296673 374.51382798328996 196.03232819773257 331.22277120407671
leaf_count=833 2148 206 9954 469 273 7107 9332 3869 459 49 1628 1181 123 479 158 33 150 700 52 1055 175 762 355 26 601 91 121 2128 1022 3218
internal_value=4.15113e-12 0.00314289 -0.00740867 0.00163918 0.00775383 -0.00449689 -0.0109301 -0.000269061 0.00669373 0.00732368 0.00297545 0.00222906 0.00333448 0.00258778 0.00537409 0.00757437 0.00361073 0.000383351 0.00493853 0.00381674 0.00276731 0.0015967 -2.69357e-05 0.00824319 0.00844311 0.00658667 0.00834903 -0.000319866 0.00072134 -0.00310745
internal_weight=6522.19 4579.49 1942.7 3453.3 1126.18 1063.4 879.304 1422.26 816.512 600.861 2031.04 976.117 368.029 303.835 192.569 84.8142 1054.92 890.922 215.651 1010.44 324.589 608.088 745.394 408.292 396.956 112.996 75.3372 672.42 297.906 545.868
internal_count=48757 16998 31759 14302 2696 12473 19286 8543 1863 1352 5759 2751 808 685 464 191 3008 4674 511 2858 1230 1943 3974 888 862 261 170 3619 1491 5366
cat_boundaries=0 1 2
cat_threshold=83 19
is_linear=0
shrinkage=0.01


Tree=40
num_leaves=31
num_cat=1
split_feature=14 14 14 14 14 14 14 14 15 18 13 11 17 12 5 21 21 10 11 11 6 8 20 14 19 21 11 19 17 11
split_gain=1479.45 311.016 194.626 86.2998 32.1329 21.1257 19.4947 10.0365 8.5914 10.3206 7.88277 6.03981 5.8858 5.23068 5.56769 5.04762 4.27199 8.01599 6.13851 7.20262 6.19416 5.80751 4.87769 4.17148 4.03294 3.95219 5.71342 4.78549 4.01588 3.94149
threshold=12.850000000000003 2.9500000000000006 40.850000000000001 5.7500000000000009 1.9500000000000002 20.650000000000002 119.85000000000001 9.2500000000000018 0.38893406184757018 27.500000000000004 2.5000000000000004 485.00000000000006 3.5000000000000004 1.0000000180025095e-35 0 4.8333333333333348 4.5833333333333348 3.5000000000000004 453.00000000000006 511.00000000000006 6.5000000000000009 55.250000000000007 0.43650793650793657 68.450000000000017 1.5000000000000002 2.8333333333333335 497.00000000000006 4.5000000000000009 8.5000000000000018 437.00000000000006
decision_type=2 2 2 2 2 2 2 2 8 8 2 2 10 2 9 10 10 2 2 2 2 2 8 2 2 8 2 2 10 2
left_child=1 4 5 10 -1 24 23 13 9 11 16 -6 -13 14 -5 29 18 -18 20 -20 -3 -19 -21 -4 -2 26 27 -11 -27 -10
right_child=2 3 6 7 8 -7 -8 -9 15 25 -12 12 -14 -15 -16 -17 17 21 19 22 -22 -23 -24 -25 -26 28 -28 -29 -30 -31
leaf_value=0.010470141266551906 -0.0041542547985197395 0.004665985013545473 -0.0086739341498947593 -0.00057966872552945301 0.004665985013545473 -0.0059097681852572507 -0.012556336350549993 -0.0014772070487314359 0.0085661975035561284 0.004665985013545473 0.0016766301268436735 0.0085661975035561284 0.004665985013545473 -0.00057966872552945301 0.001341450064457039 0.0085661975035561284 0.004665985013545473 0.004665985013545473 0.0024673313528247019 0.0024673313528247019 0.0024673313528247019 0.0024673313528247019 0.004665985013545473 -0.010515663390713472 -0.0023886151833911384 0.0085661975035561284 0.0085661975035561284 0.0085661975035561284 0.004665985013545473 0.004665985013545473
leaf_weight=305.50018391758204 212.88462510704994 216.73750618100166 262.73643468972296 150.21368044987321 106.83028075844049 514.39106805808842 376.66718376148492 462.69363264553249 9.0752187408506853 60.343686670064926 390.92528508603573 69.22122747451067 14.464510209858416 374.02751764841378 428.74341883510351 24.43076054751873 273.80019213631749 39.361609473824501 702.72285206615925 17.179126262664795 68.619133792817593 155.45621787011623 153.46388465166092 231.20204174332321 329.74238148424774 280.4651431068778 34.124417684972286 17.221710368990898 11.021263048052786 179.77668951451778
leaf_count=833 2148 501 4940 857 273 7107 9332 3426 18 149 1759 158 33 2102 2158 52 657 79 1821 48 167 380 347 5014 3218 601 78 34 26 441
internal_value=-9.42179e-12 0.00311271 -0.00734152 0.00162402 0.00770795 -0.00445776 -0.0108428 -0.000268825 0.00666225 0.0072807 0.00295172 0.00536268 0.00755082 0.00031787 0.000913473 0.00494076 0.00325803 0.0040637 0.0029322 0.00251616 0.00420554 0.00246733 0.00452477 -0.00953601 -0.00308131 0.00818703 0.00655187 0.00493184 0.0085662 0.00466599
internal_weight=6474.04 4546.42 1927.62 3433.94 1112.48 1057.02 870.606 1415.68 806.975 593.692 2018.27 190.516 83.6857 952.985 578.957 213.283 1627.34 468.618 1158.72 873.366 285.357 194.818 170.643 493.938 542.627 403.176 111.69 77.5654 291.486 188.852
internal_count=48757 16998 31759 14302 2696 12473 19286 8543 1863 1352 5759 464 191 5117 3015 511 4000 1116 2884 2216 668 459 395 9954 5366 888 261 183 627 459
cat_boundaries=0 1
cat_threshold=228
is_linear=0
shrinkage=0.01


Tree=41
num_leaves=31
num_cat=1
split_feature=14 14 14 14 14 14 14 14 7 13 19 15 0 19 21 12 11 14 20 6 16 15 21 5 16 21 14 18 18 19
split_gain=1443.01 304.156 190.104 85.7133 31.0713 20.508 19.1902 9.74311 8.19828 7.93909 6.97167 6.39657 12.4837 5.72464 4.52749 4.18531 5.97062 5.76045 5.29111 8.50246 5.16628 4.44412 4.37596 4.11289 4.5863 4.09496 4.09125 4.02024 6.90592 3.96291
threshold=12.850000000000003 2.9500000000000006 40.850000000000001 5.7500000000000009 1.9500000000000002 20.650000000000002 119.85000000000001 8.8500000000000032 9.5000000000000018 2.5000000000000004 6.5000000000000009 0.34611861315634362 1750.0000000000002 5.5000000000000009 8.1666666666666696 -6.4999999999999991 511.00000000000006 3.8500000000000001 0.44949494949494956 5.5000000000000009 0.18406293208499397 0.57740868624890929 3.8333333333333335 0 0.20772222642871721 3.8333333333333335 68.450000000000017 27.500000000000004 42.500000000000007 1.5000000000000002
decision_type=2 2 2 2 2 2 2 2 2 2 2 8 2 2 10 2 2 2 8 2 10 10 10 9 8 8 2 10 10 2
left_child=1 4 5 9 -1 29 26 13 11 15 -10 12 -6 14 23 -3 18 -18 19 20 -17 -20 -21 24 -5 -13 -4 -14 -29 -2
right_child=2 3 6 7 8 -7 -8 -9 10 -11 -12 25 27 -15 -16 16 17 -19 21 22 -22 -23 -24 -25 -26 -27 -28 28 -30 -31
leaf_value=0.010394117881285364 -0.0041321700879336214 0.004635794238202655 -0.0085994552539801865 0.0013309022275362565 0.0085101309868470393 -0.0058579728254450096 -0.01246817774336632 -0.0013558971259239078 0.0085101309868470393 0.0016564344514697037 0.004635794238202655 0.004635794238202655 0.004635794238202655 0.0013309022275362565 0.0013309022275362565 0.0024525065100767206 0.004635794238202655 0.0024525065100767206 0.0024525065100767206 0.004635794238202655 0.004635794238202655 0.004635794238202655 0.0024525065100767206 -0.00049619860767619679 -0.00038212576404589695 0.0065252986019107562 -0.01043154882647788 0.0085101309868470393 0.004635794238202655 -0.0023769313352128038
leaf_weight=301.54654883593321 211.34171881526709 111.24089631810784 260.58974412735552 101.10135969519615 169.27012370154262 511.50894389860332 372.53978689434007 525.88511991687119 203.96584198996425 388.43045494705439 16.352661982178688 140.716278295964 70.438292920589447 144.11388129740953 72.694651398807764 52.069251615554094 129.85737884044647 91.735044162720442 836.57450250536203 24.250929392874241 194.18005062639713 38.958299182355404 137.94550555571914 371.00944188050926 193.91393672302365 117.40656132251024 229.00018617650494 27.350070796906948 52.499007418751717 328.66965285409242
leaf_count=833 2148 272 4940 469 390 7107 9332 3869 512 1759 40 337 161 700 355 138 263 249 2166 46 420 92 354 2128 1022 260 5014 52 111 3218
internal_value=-1.08389e-11 0.00308531 -0.00727697 0.00161209 0.0076595 -0.00442305 -0.0107578 -0.000278364 0.00662614 0.00294017 0.00826741 0.00600019 0.00694592 0.0003635 -4.51005e-05 0.00324858 0.00310461 0.00462047 0.00284299 0.00378471 0.00463579 0.00245251 0.00245251 -0.000336377 0.000695582 0.00482937 -0.0094564 0.00483466 0.00689615 -0.00306387
internal_weight=6427.16 4513.51 1913.65 3413.96 1099.55 1051.52 862.13 1408.72 797.999 2005.24 220.319 577.68 319.557 882.833 738.719 1616.81 1505.57 221.592 1283.98 408.446 246.249 875.533 162.196 666.025 295.015 258.123 489.59 150.287 79.8491 540.011
internal_count=48757 16998 31759 14302 2696 12473 19286 8543 1863 5759 552 1311 714 4674 3974 4000 3728 512 3216 958 558 2258 400 3619 1491 597 9954 324 163 5366
cat_boundaries=0 1
cat_threshold=19
is_linear=0
shrinkage=0.01


Tree=42
num_leaves=31
num_cat=2
split_feature=14 14 14 14 14 14 14 15 18 19 14 14 11 17 14 2 5 12 11 18 10 21 18 21 11 19 21 7 16 17
split_gain=1407.6 275.902 220.371 68.7193 30.2487 25.61 19.4401 8.56932 9.99163 8.15566 10.1464 6.11265 5.70824 5.57968 5.53793 7.91743 7.60015 5.62962 5.50596 5.04415 4.74243 4.42424 3.89461 3.78276 5.39389 4.45956 3.72994 3.65224 3.57363 3.46048
threshold=11.350000000000003 2.9500000000000006 34.95000000000001 5.4500000000000011 1.9500000000000002 73.750000000000014 17.950000000000003 0.38893406184757018 27.500000000000004 5.5000000000000009 8.0500000000000025 260.15000000000003 485.00000000000006 3.5000000000000004 3.7500000000000004 0 1 -5.4999999999999991 513.00000000000011 19.500000000000004 2.5000000000000004 4.8333333333333348 63.500000000000007 2.8333333333333335 497.00000000000006 4.5000000000000009 10.833333333333334 11.500000000000002 0.29893433741722902 2.5000000000000004
decision_type=2 2 2 2 2 2 2 8 8 2 2 2 2 10 2 9 9 2 2 10 2 10 8 8 2 2 10 2 8 8
left_child=1 4 6 14 -1 -4 28 8 12 10 -5 -7 -6 -14 15 20 17 -16 -17 -11 -3 -9 26 24 25 -10 -8 -12 29 -2
right_child=2 3 5 9 7 11 22 21 23 19 27 -13 13 -15 16 18 -18 -19 -20 -21 -22 -23 -24 -25 -26 -27 -28 -29 -30 -31
leaf_value=0.010316735371538937 -0.0038018589158735029 0.0031102424670733666 -0.0083444785762549177 0.00046752891848229834 0.004688725314222846 -0.011133544952188738 -0.0040571628580338684 0.004688725314222846 0.004688725314222846 -0.0016960546999876334 -0.0017765142219307965 -0.013617645251264052 0.0084465874467813326 0.004688725314222846 0.0031102424670733666 0.0031102424670733666 0.0031102424670733666 0.0015457995240281896 0.004688725314222846 0.0015457995240281896 0.004688725314222846 0.0084465874467813326 -0.0060908647237448215 0.0084465874467813326 0.0084465874467813326 0.0084465874467813326 -0.0070649005261155754 -0.00050208385592443242 -0.0038018589158735029 -0.0018112390573699841
leaf_weight=297.61340671032667 43.306603472679853 53.384804338216782 381.95168776810169 705.16938916407526 104.98523688688874 436.94628117745742 289.20627159811556 185.20349331945181 59.250350601971149 49.998599879443645 330.55783899128437 128.09926365222782 67.820207312703133 14.216789700090883 82.001165419816971 447.69318480044603 537.33752859756351 465.71769551932812 76.115669950842857 170.01247711293399 208.64838463440537 24.011680632829666 236.6516064372845 285.0387308858335 33.321205273270607 16.749442577362061 24.797353483736515 106.4600657299161 95.511765716597438 425.95617644861341
leaf_count=833 428 129 7196 3554 273 10467 3592 459 149 290 2368 3214 158 33 226 1050 1718 1473 162 868 436 52 3142 627 78 34 351 719 936 3742
internal_value=2.82709e-12 0.00324402 -0.00679705 0.00177808 0.00759937 -0.0103447 -0.00378515 0.00657644 0.00720098 6.95035e-05 -0.000274448 -0.0116967 0.00529733 0.00748203 0.0030221 0.0036614 0.00255909 0.00159346 0.00311024 0.0015458 0.00468873 0.00484092 -0.00512213 0.00810377 0.00647576 0.00488507 -0.00439204 -0.0014717 -0.00248159 -0.00211087
internal_weight=6383.73 4321.31 2062.43 3233.1 1088.21 946.997 1115.43 790.597 581.382 1362.2 1142.19 565.046 187.022 82.037 1870.9 785.842 1085.06 547.719 523.809 220.011 262.033 209.215 550.655 394.36 109.321 75.9998 314.004 437.018 564.775 469.263
internal_count=48757 15689 33068 12993 2696 20877 12191 1863 1352 7799 6641 13681 464 191 5194 1777 3417 1699 1212 1158 565 511 7085 888 261 183 3943 3087 5106 4170
cat_boundaries=0 1 2
cat_threshold=2 99
is_linear=0
shrinkage=0.01


Tree=43
num_leaves=31
num_cat=1
split_feature=14 14 14 14 14 14 14 15 18 19 14 14 11 17 21 14 18 2 11 19 16 12 18 21 20 18 21 15 21 11
split_gain=1374.03 269.469 216.137 66.8365 29.5094 25.6813 19.0963 8.23854 9.58396 7.95545 9.85738 6.71797 5.62114 5.52416 4.92028 9.6714 7.46416 12.9491 6.81904 9.62446 5.20764 5.11813 4.74048 4.31489 4.05054 3.75201 3.80692 3.71713 3.67308 5.27882
threshold=11.350000000000003 2.9500000000000006 34.95000000000001 5.4500000000000011 1.9500000000000002 68.450000000000017 17.950000000000003 0.38893406184757018 27.500000000000004 5.5000000000000009 8.0500000000000025 260.15000000000003 485.00000000000006 3.5000000000000004 4.8333333333333348 4.4500000000000011 48.500000000000007 0 511.00000000000006 4.5000000000000009 0.17121898331489707 -6.4999999999999991 19.500000000000004 4.8333333333333348 0.72077922077922085 63.500000000000007 10.833333333333334 0.14810443194690381 2.8333333333333335 497.00000000000006
decision_type=2 2 2 2 2 2 2 8 8 2 2 2 2 10 10 2 10 9 2 2 10 2 10 10 10 8 10 10 8 2
left_child=1 4 6 14 -1 -4 -2 8 12 10 -5 -7 -6 -14 15 18 17 -16 19 21 -18 -3 -11 -9 -21 26 -8 -19 29 -10
right_child=2 3 5 9 7 11 25 23 28 22 -12 -13 13 -15 16 -17 20 27 -20 24 -22 -23 -24 -25 -26 -27 -28 -29 -30 -31
leaf_value=0.010242497321836632 -0.0024656353432633074 0.0046518004772128649 -0.0081368717066962939 0.00046436114097393505 0.0046518004772128649 -0.011000786993903205 -0.004032600113433025 0.0046518004772128649 0.0048406450753270712 -0.0016183577121655663 -0.0014527903712193365 -0.013599462734585739 0.0083846856187787793 0.0046518004772128649 0.0046518004772128649 0.0015323969245480246 0.0015323969245480246 0.0046518004772128649 0.0046518004772128649 0.0046518004772128649 0.0046518004772128649 0.0023618800821771954 0.0015323969245480246 0.0083846856187787793 0.0023618800821771954 -0.0060506518141095382 -0.0070223814403672959 0.0015323969245480246 0.0083846856187787793 0.0083846856187787793
leaf_weight=293.99590013176203 562.12595431692898 45.335102144628763 348.91176297795027 702.14625808037817 104.24206887558103 460.60783326392993 287.13161852676421 183.87937838211656 75.115561075508595 49.830991864204407 433.94461046904325 126.88299712538719 67.063635893166065 14.126512467861174 100.33171391487122 359.1214542761445 20.220620181411505 25.887361466884613 150.99496573209763 156.72707258909941 178.07638197392225 639.95601296797395 169.49682182818651 23.732117086648941 22.425381034612656 233.54533565789461 24.591055192053318 163.76539811864495 281.97115253284574 32.922397911548615
leaf_count=833 5106 111 6531 3554 273 11132 3592 459 183 290 3087 3214 158 33 261 1375 64 63 343 350 457 1643 868 52 61 3142 351 466 627 78
internal_value=7.54923e-12 0.00321148 -0.00674935 0.00176249 0.00754111 -0.0102858 -0.00375897 0.00652687 0.00714298 7.30354e-05 -0.00026792 -0.011562 0.00527136 0.00744467 0.00299176 0.00268545 0.00385405 0.00274246 0.00319136 0.00283679 0.0046518 0.00236188 0.0015324 0.0048192 0.0046518 -0.0050923 -0.00437429 0.0015324 0.00803285 0.00642339
internal_weight=6339.11 4295.31 2043.8 3218.26 1077.05 936.403 1107.39 783.053 575.441 1355.42 1136.09 587.491 185.432 81.1901 1862.84 1374.56 488.281 289.984 1015.44 864.444 198.297 685.291 219.328 207.611 179.152 545.268 311.723 189.653 390.009 108.038
internal_count=48757 15689 33068 12993 2696 20877 12191 1863 1352 7799 6641 14346 464 191 5194 3883 1311 790 2508 2165 521 1754 1158 511 411 7085 3943 529 888 261
cat_boundaries=0 1
cat_threshold=2
is_linear=0
shrinkage=0.01


Tree=44
num_leaves=31
num_cat=2
split_feature=14 14 14 14 14 14 14 14 15 18 13 11 17 12 5 12 16 5 19 16 21 21 11 19 17 17 0 12 6 0
split_gain=1341.57 303.353 145.878 99.1465 28.7498 15.8457 15.3425 14.1266 8.03568 9.3336 7.75536 5.95243 5.66517 4.95864 5.09397 4.426 9.12132 4.24697 6.0911 3.96269 3.89209 3.66408 5.23387 4.57896 3.6335 3.46291 3.35854 3.24119 3.12494 3.88139
threshold=14.65 2.9500000000000006 46.250000000000007 5.7500000000000009 1.9500000000000002 21.850000000000005 119.85000000000001 9.2500000000000018 0.38893406184757018 27.500000000000004 2.5000000000000004 485.00000000000006 3.5000000000000004 1.0000000180025095e-35 0 1.5000000000000002 0.28053354580063466 1 5.5000000000000009 0.35376457508419368 6.5833333333333348 2.8333333333333335 497.00000000000006 4.5000000000000009 2.5000000000000004 8.5000000000000018 1850.0000000000002 2.5000000000000004 6.5000000000000009 1250.0000000000002
decision_type=2 2 2 2 2 2 2 2 8 8 2 2 10 2 9 2 10 9 2 8 8 8 2 2 10 10 2 2 2 2
left_child=1 4 5 10 -1 -2 -4 13 9 11 17 -6 -13 14 -5 -10 -17 18 -3 -19 -7 22 23 -11 -9 -23 -20 -12 -26 -30
right_child=2 3 6 7 8 20 -8 24 15 21 27 12 -14 -15 -16 16 -18 19 26 -21 -22 25 -24 -25 28 -27 -28 -29 29 -31
leaf_value=0.010167252303601711 -0.0034632522909126555 0.0024004919413811638 -0.0094888750517843519 -0.00069101245866152745 0.0044398385551854217 -0.0048313183953385 -0.012316627742544623 -0.0023890199376639699 0.0044398385551854217 0.0044398385551854217 0.0023872669765569606 0.0083229868369782394 0.0044398385551854217 -0.00062184104878771772 0.0011975797075848781 0.0083229868369782394 0.0044398385551854217 0.0040469377702593793 0.0044398385551854217 0.0024004919413811638 -0.0066907715670853707 0.0083229868369782394 0.0083229868369782394 0.0083229868369782394 -0.00069101245866152745 0.0044398385551854217 0.0024004919413811638 0.0011975797075848781 -0.00069101245866152745 -0.0023890199376639699
leaf_weight=290.41314012184739 414.34622829779983 618.22388108447194 413.2152118999511 148.04874402843416 103.6007326617837 166.2447424698621 358.19844940770417 204.06366256996989 104.6429921798408 58.221049651503563 274.33202109113336 66.340752437710762 14.046645641326903 368.15109977498651 421.60094362124801 45.591800592839718 55.4620151668787 742.51715134084225 120.04254794120789 88.970078691840172 348.63353576697409 268.56194757297635 32.561575435101986 16.356001943349838 301.7473191395402 10.455180265009401 18.868772275745869 107.94505880400538 31.791974492371082 80.383350303396583
leaf_count=833 4535 1581 8736 857 273 2367 9332 1664 284 149 1242 158 33 2102 2158 94 133 1830 287 243 5334 601 78 34 2307 26 59 517 223 687
internal_value=-2.49965e-12 0.00280943 -0.00758747 0.00139632 0.00748336 -0.00491893 -0.0108019 -0.000490857 0.00647872 0.00709001 0.00288602 0.0052364 0.0074159 0.000282676 0.000867244 0.00478437 0.0065896 0.00319373 0.00250059 0.00374972 -0.00609039 0.00797318 0.00635805 0.0047783 -0.0016647 0.00832299 0.00443984 0.00160725 -0.00110018 -0.00238902
internal_weight=6293.58 4592.94 1700.64 3526.69 1066.25 929.225 771.414 1555.79 775.841 570.144 1970.9 183.988 80.3874 937.801 569.65 205.697 101.054 1588.62 757.135 831.487 514.878 386.156 107.139 74.5771 617.986 279.017 138.911 382.277 413.923 112.175
internal_count=48757 18453 30304 15757 2696 12236 18068 9998 1863 1352 5759 464 191 5117 3015 511 227 4000 1927 2073 7701 888 261 183 4881 627 346 1759 3217 910
cat_boundaries=0 1 2
cat_threshold=228 83
is_linear=0
shrinkage=0.01


Tree=45
num_leaves=31
num_cat=1
split_feature=14 14 14 14 14 14 14 19 14 15 18 11 14 17 5 12 20 10 11 0 16 16 15 11 11 16 16 15 11 18
split_gain=1307.94 258.549 207.25 64.1029 27.7346 23.0942 20.5233 7.75241 9.66723 7.6732 9.1661 5.4679 5.43495 5.41362 4.9902 7.54548 9.43984 8.3189 7.78721 5.88936 5.51402 5.35343 6.8764 6.38555 5.08712 4.75338 4.42775 6.7028 9.01808 5.10032
threshold=11.350000000000003 2.9500000000000006 36.850000000000001 5.4500000000000011 1.9500000000000002 119.85000000000001 18.950000000000003 5.5000000000000009 8.0500000000000025 0.38893406184757018 27.500000000000004 485.00000000000006 53.350000000000001 3.5000000000000004 0 -1.4999999999999998 0.72077922077922085 4.5000000000000009 497.00000000000006 1950.0000000000002 0.38924645358428483 0.18859588321973816 0.22270793948025991 463.00000000000006 531.00000000000011 0.29893433741722902 0.2243124420630738 0.29819205321440906 481.00000000000006 20.500000000000004
decision_type=2 2 2 2 2 2 2 2 2 8 8 2 2 10 9 2 8 2 2 2 8 10 10 2 2 8 10 10 2 8
left_child=1 4 6 14 -1 12 25 8 -5 10 11 -6 -4 -13 20 16 17 -16 -17 -18 21 22 23 -3 -20 -2 -23 28 29 -28
right_child=2 3 5 7 9 -7 -8 -9 -10 -11 -12 13 -14 -15 15 18 19 -19 24 -21 -22 26 -24 -25 -26 -27 27 -29 -30 -31
leaf_value=0.010092580763469059 -0.0021295020068219312 0.0045838947779021574 -0.0076056219348399528 0.00045566332118372055 0.0045838947779021574 -0.012237687789403113 -0.0052608212978939852 0.0015023729694006169 -0.0014522887587346673 0.0047827693760267203 0.0079294668083694092 0.0082706477629498083 -0.0097058338007371039 0.0045838947779021574 0.0045838947779021574 0.0015023729694006169 0.0015023729694006169 0.0015023729694006169 0.0042976531293377092 0.0045838947779021574 0.0015023729694006169 0.0045838947779021574 0.0015023729694006169 0.0015023729694006169 0.0015023729694006169 -0.0039042236139887722 0.0045838947779021574 0.0045838947779021574 0.0045838947779021574 0.0015023729694006169
leaf_weight=286.90607325360179 506.31389245577157 46.943941310048103 193.53751884587109 695.76105230487883 103.00673826783895 354.14766992069781 514.73316021636128 217.47825759276748 429.49570331163704 203.29574462771416 382.03674719110131 65.745271123945713 339.11773695563897 13.981633037328718 189.68131530284882 397.29419013485312 87.90673279389739 46.782847598195076 166.40009258687496 27.685955196619034 35.05209593474865 184.41587778180838 95.606343518942595 36.741073049604893 23.714791782200336 101.91979262419045 30.378457956016064 254.53941877931356 98.912408541887999 121.44887516647577
leaf_count=833 4663 121 3671 3554 273 9332 7008 1158 3087 511 888 158 7349 33 459 1192 260 130 431 75 119 495 294 112 69 1045 82 721 282 352
internal_value=2.79781e-12 0.00314882 -0.00664495 0.0017281 0.00743969 -0.0102586 -0.00379127 6.61207e-05 -0.000272577 0.00644871 0.00704839 0.00520635 -0.00894273 0.00736712 0.00293863 0.00231882 0.00350112 0.00458389 0.00164969 0.00150237 0.00351815 0.00374438 0.00220496 0.00454779 0.00354274 -0.00254763 0.00414457 0.0035163 0.00235455 0.00150237
internal_weight=6250.98 4241.21 2009.77 3186.24 1054.97 886.803 1122.97 1342.74 1125.26 768.066 564.77 182.734 532.655 79.7269 1843.5 939.466 352.057 236.464 587.409 115.593 904.038 868.986 179.291 83.685 190.115 608.234 689.695 505.279 250.74 151.827
internal_count=48757 15689 33068 12993 2696 20352 12716 7799 6641 1863 1352 464 11020 191 5194 2616 924 589 1692 335 2578 2459 527 233 500 5708 1932 1437 716 434
cat_boundaries=0 1
cat_threshold=388
is_linear=0
shrinkage=0.01


Tree=46
num_leaves=31
num_cat=2
split_feature=14 14 14 14 14 14 14 14 15 18 13 11 20 12 5 21 5 19 18 21 11 19 11 6 12 0 20 11 21 21
split_gain=1277.22 287.628 145.127 92.3494 27.0345 16.292 14.8283 12.7813 7.60401 8.27746 7.46381 5.8538 5.46807 4.92237 4.8485 4.48446 4.3584 5.51091 4.17387 3.77878 4.87438 4.02576 3.7446 3.638 8.67581 3.36235 3.31292 4.39729 3.92692 3.27809
threshold=14.350000000000003 2.9500000000000006 43.750000000000007 5.7500000000000009 1.9500000000000002 119.85000000000001 21.850000000000005 9.2500000000000018 0.38893406184757018 27.500000000000004 2.5000000000000004 485.00000000000006 0.21111111111111114 1.0000000180025095e-35 0 4.8333333333333348 1 5.5000000000000009 41.500000000000007 2.8333333333333335 497.00000000000006 4.5000000000000009 437.00000000000006 6.5000000000000009 3.5000000000000004 1850.0000000000002 0.44949494949494956 495.00000000000006 6.166666666666667 6.5833333333333348
decision_type=2 2 2 2 2 2 2 2 8 8 2 2 10 2 9 10 9 2 10 8 2 2 2 2 2 2 10 2 10 8
left_child=1 4 6 10 -1 -4 -2 13 9 11 16 -6 -13 14 -5 22 17 -3 -9 20 21 -11 -10 26 -25 -19 -18 28 -28 -8
right_child=2 3 5 7 8 -7 29 18 15 19 -12 12 -14 -15 -16 -17 23 25 -20 -21 -22 -23 -24 24 -26 -27 27 -29 -30 -31
leaf_value=0.010019978428775013 -0.003353476214006214 0.002358670096139005 -0.0092565456999193791 -0.00066773255682038774 0.004390105213476444 -0.012159420228118525 -0.0047147782521161016 -0.002248786427718552 0.0082108395737730527 0.004390105213476444 0.0015770673946675739 0.004390105213476444 0.0082108395737730527 -0.00063128844215342382 0.0011907031229572158 0.0082108395737730527 0.004390105213476444 0.004390105213476444 -0.00066773255682038774 0.0082108395737730527 0.0082108395737730527 0.0082108395737730527 0.004390105213476444 0.002358670096139005 0.004390105213476444 0.002358670096139005 0.002358670096139005 0.004390105213476444 0.004390105213476444 -0.0064753728087526474
leaf_weight=283.37930092960596 435.07788919843733 611.94465436041355 431.71192954480648 147.04077325575054 102.14506708085537 350.1515234336257 156.95730079058558 375.52429929189384 8.5921906083822233 56.834154240787029 379.19867307692766 9.7759018540382367 68.888842642307281 364.26988796144724 417.54199652373791 22.902986750006676 350.89693964272738 118.94886984676123 211.06052968651056 273.55880681052804 32.078105233609676 16.076575875282288 170.27859291434288 164.42450557649136 56.931293215602636 18.698806576430798 177.86111961305141 58.340309664607048 12.295678578317164 324.18678737618029
leaf_count=833 4763 1581 9260 857 273 9332 2233 3014 18 149 1759 26 165 2102 2158 52 853 287 1639 627 78 34 441 441 130 59 480 142 27 4944
internal_value=2.13173e-12 0.00278348 -0.0073919 0.00139686 0.00738335 -0.0105566 -0.0046913 -0.000454813 0.0064017 0.00700202 0.00283622 0.00524185 0.00740821 0.000274999 0.000859738 0.00473751 0.00314027 0.00244226 -0.00161046 0.00784274 0.00618902 0.00466519 0.00439011 0.0037029 0.00265245 0.00437786 0.00415261 0.00317798 0.00235867 -0.00590104
internal_weight=6207.57 4509.49 1698.09 3464.98 1044.51 781.863 916.222 1515.44 761.131 559.357 1949.54 180.81 78.6647 928.853 564.583 201.774 1570.34 749.592 586.585 378.548 104.989 72.9107 178.871 820.75 221.356 137.648 599.394 248.497 190.157 481.144
internal_count=48757 18225 30532 15529 2696 18592 11940 9770 1863 1352 5759 464 191 5117 3015 511 4000 1927 4653 888 261 183 459 2073 571 346 1502 649 507 7177
cat_boundaries=0 1 2
cat_threshold=228 83
is_linear=0
shrinkage=0.01


Tree=47
num_leaves=31
num_cat=2
split_feature=14 14 14 14 14 14 14 14 13 15 18 11 20 12 5 5 16 21 18 17 16 21 15 15 11 15 16 15 21 14
split_gain=1246.97 280.969 141.615 90.1138 26.3198 16.1069 14.5323 12.2488 7.43651 7.37681 8.23265 5.65993 5.36443 4.83207 4.78726 4.74982 4.65754 4.33813 4.06839 3.97324 3.6762 3.62533 4.74372 5.91501 3.60546 3.54129 7.39115 4.44408 3.14011 3.07774
threshold=14.350000000000003 2.9500000000000006 43.750000000000007 5.7500000000000009 1.9500000000000002 119.85000000000001 21.850000000000005 9.2500000000000018 2.5000000000000004 0.38893406184757018 27.500000000000004 485.00000000000006 0.21111111111111114 1.0000000180025095e-35 0 1 0.32674070364990498 4.8333333333333348 41.500000000000007 1.5000000000000002 0.38924645358428483 2.8333333333333335 0.23748530512766294 0.35331947024438987 437.00000000000006 0.29932550207584047 0.24295102941892213 0.27160249333702297 6.5833333333333348 1.7500000000000002
decision_type=2 2 2 2 2 2 2 2 2 8 8 2 10 2 9 9 8 10 10 8 8 8 10 10 2 10 10 8 8 2
left_child=1 4 6 8 29 -4 -2 13 15 10 11 -6 -13 14 -5 16 -3 24 -9 -18 25 22 -12 -24 -11 26 27 -17 -8 -1
right_child=2 3 5 7 9 -7 28 18 -10 17 21 12 -14 -15 -16 20 19 -19 -20 -21 -22 -23 23 -25 -26 -27 -28 -29 -30 -31
leaf_value=0.010764599476898055 -0.0033333616268032603 0.0023325650665400816 -0.009181184887058387 -0.00065732574471118665 0.0043565457230977022 -0.012081541602868093 -0.0046977913536277926 -0.0022153132697878743 0.001550310169172352 0.0081512745915917478 0.0043565457230977022 0.0043565457230977022 0.0081512745915917478 -0.00063342211626087822 0.0011811335671028588 0.0043565457230977022 0.0023325650665400816 0.0081512745915917478 -0.00065732574471118665 0.0043565457230977022 0.0023325650665400816 0.0081512745915917478 0.0081512745915917478 0.0043565457230977022 0.0043565457230977022 0.0043565457230977022 0.0023325650665400816 0.0023325650665400816 -0.0064284346543594844 0.0086026267662555403
leaf_weight=174.00330864265561 432.76078938972205 605.57246920093894 428.12373172771186 146.6489996239543 101.62288649752736 346.39539392059669 155.57826964557171 373.43634742125869 377.13782203570008 8.4444112442433816 23.469967775046825 9.7213311046361905 68.114221081137657 361.91779865883291 415.64971198141575 205.70809377357364 27.926514737308025 22.651774063706398 210.25081782974303 113.30006162077188 35.759509883821011 270.96366524323821 57.38374712318182 23.139948576688766 168.89641174301505 347.25041348859668 184.7025746293366 42.526383921504021 321.47685557045043 105.93388503789902
leaf_count=515 4763 1565 9260 857 273 9332 2233 3014 1759 18 71 26 165 2102 2158 503 81 52 1639 281 111 627 126 64 441 866 478 115 4944 318
internal_value=-3.94269e-12 0.00275665 -0.00733565 0.0013853 0.00732779 -0.0104783 -0.0046603 -0.000448392 0.00281066 0.00635608 0.00694999 0.00518858 0.00733443 0.000267855 0.000847953 0.00311482 0.0023975 0.00470966 -0.00158251 0.00416224 0.00369666 0.00779302 0.0061641 0.00753627 0.00435655 0.00392902 0.0032854 0.00435655 -0.00586403 0.00994647
internal_weight=6166.47 4482.13 1684.34 3447.79 1034.35 774.519 909.816 1507.9 1939.88 754.408 554.416 179.458 77.8356 924.217 562.299 1562.75 746.799 199.993 583.687 141.227 815.947 374.957 103.994 80.5237 177.341 780.187 432.937 248.234 477.055 279.937
internal_count=48757 18225 30532 15529 2696 18592 11940 9770 5759 1863 1352 464 191 5117 3015 4000 1927 511 4653 362 2073 888 261 190 459 1962 1096 618 7177 833
cat_boundaries=0 1 2
cat_threshold=228 83
is_linear=0
shrinkage=0.01


Tree=48
num_leaves=31
num_cat=2
split_feature=14 14 14 14 14 14 14 14 14 21 7 19 16 21 11 21 16 5 5 17 12 7 16 16 11 6 8 15 14 6
split_gain=1217.59 290.275 112.984 102.531 25.6351 13.1849 13.0147 11.014 8.42711 8.5181 7.18479 6.53799 5.74065 7.84873 10.3155 7.791 6.17118 5.57693 5.44415 5.09804 4.40116 3.9807 3.71726 4.04939 3.69635 3.4153 4.25108 3.27391 3.06379 3.05628
threshold=16.050000000000004 2.9500000000000006 52.45000000000001 6.0500000000000007 1.9500000000000002 9.2500000000000018 30.850000000000005 122.25000000000001 4.4500000000000011 4.8333333333333348 9.5000000000000018 6.5000000000000009 0.28053354580063466 5.8333333333333348 485.00000000000006 2.8333333333333335 0.31122235497635053 0 1 2.5000000000000004 1.5000000000000002 13.500000000000002 0.19479073791007598 0.15718746403717873 435.00000000000006 6.5000000000000009 55.750000000000007 0.16589036840817853 1.7500000000000002 7.5000000000000009
decision_type=2 2 2 2 2 2 2 2 2 10 2 2 8 8 2 10 10 9 9 10 2 2 10 8 2 2 2 10 2 2
left_child=1 4 6 8 28 17 -2 -4 18 21 12 -12 13 14 -6 -14 -17 -5 -3 -7 -19 -10 23 -20 -21 -24 -27 -22 -1 -26
right_child=2 3 7 5 10 19 -8 -9 9 -11 11 -13 15 -15 -16 16 -18 20 22 24 27 -23 25 -25 29 26 -28 -29 -30 -31
leaf_value=0.010693723738250753 -0.0044022336303502878 0.0025255253079717399 -0.0094859780194025915 -0.00079318419487778118 0.0042504994433390023 -0.0025622626568961057 -0.0070072342925492975 -0.012029455940672907 0.00097788209169377672 0.0025255253079717399 0.0080895376410201059 0.0042504994433390023 0.0042504994433390023 0.0080895376410201059 0.0080895376410201059 0.0042504994433390023 0.0080895376410201059 0.00097788209169377672 0.0042504994433390023 -0.0025622626568961057 0.00097788209169377672 0.0025255253079717399 0.0042504994433390023 0.0025255253079717399 -0.00079318419487778118 0.0025255253079717399 0.0042504994433390023 -0.00079318419487778118 0.0085247762361416717 -0.0025622626568961057
leaf_weight=171.68183574825525 565.80744334496558 598.12989380210638 344.45343515835702 178.82744241319597 117.90741780400276 233.06413441710174 290.12922121491283 336.63735599536449 430.19228125736117 268.6746967472136 193.38137155398726 15.142291188240049 138.1418400965631 91.574889436364174 88.644893318414688 35.551176257431507 67.87051697820425 367.27734634652734 69.811859723180532 40.751787818968296 64.420913932844996 66.927667334675789 384.81963320076466 79.201880756765604 378.4717259388417 65.934137105941772 82.797565098851919 195.33662181161344 104.93272566050291 61.407847706228495
leaf_count=515 7151 1499 7674 1061 304 2006 5266 9171 1846 985 512 40 346 212 213 88 148 1944 173 391 367 259 957 209 3004 180 205 1191 318 522
internal_value=-8.44698e-13 0.00257922 -0.00770374 0.00123122 0.00726978 -0.000736581 -0.00528523 -0.0107431 0.00269235 0.00186249 0.00630813 0.00788462 0.00569902 0.00662739 0.0054655 0.00455326 0.0070339 0.000140029 0.00318856 -0.0017264 0.000619931 0.000979337 0.00386089 0.00252553 -0.00111376 0.0042505 0.00273119 -0.000431649 0.00987094 -0.000793184
internal_weight=6127.9 4590.88 1537.03 3566.05 1024.83 1519.56 855.937 681.091 2046.49 765.795 748.214 208.524 539.691 298.127 206.552 241.564 103.422 805.862 1280.69 713.695 627.035 497.12 682.565 149.014 480.631 533.551 148.732 259.758 276.615 439.88
internal_count=48757 19495 29262 16799 2696 10486 12417 16845 6313 3090 1863 552 1311 729 517 582 236 4563 3223 5923 3502 2105 1724 382 3917 1342 385 1558 833 3526
cat_boundaries=0 1 2
cat_threshold=228 83
is_linear=0
shrinkage=0.01


Tree=49
num_leaves=31
num_cat=1
split_feature=14 14 14 14 14 14 14 14 14 21 15 18 11 5 11 20 17 17 12 16 12 20 11 7 11 21 11 16 15 15
split_gain=1186.99 284.799 110.861 100.247 24.7755 13.4044 12.9486 10.4103 7.70531 8.15229 7.15145 8.55978 5.56895 5.47294 5.38547 7.81719 5.22105 4.90363 4.5415 7.88191 4.23959 4.05528 4.02015 3.87942 3.54793 3.3045 4.7458 3.59183 3.25324 3.11649
threshold=16.050000000000004 2.9500000000000006 53.350000000000001 6.0500000000000007 1.9500000000000002 30.850000000000005 9.2500000000000018 122.25000000000001 4.4500000000000011 4.8333333333333348 0.38893406184757018 27.500000000000004 485.00000000000006 0 511.00000000000006 0.44949494949494956 3.5000000000000004 2.5000000000000004 1.5000000000000002 0.28053354580063466 1.5000000000000002 0.14835164835164838 473.00000000000006 13.500000000000002 435.00000000000006 2.8333333333333335 473.00000000000006 0.32214344254791388 0.15365668061024174 0.16589036840817853
decision_type=2 2 2 2 2 2 2 2 2 10 8 8 2 9 2 8 10 10 2 10 2 10 2 2 2 8 2 10 8 10
left_child=1 4 5 8 -1 -2 13 -4 14 23 11 12 -6 -5 15 21 -14 -8 -12 -20 -15 22 -3 -10 -19 26 -13 -28 -17 -22
right_child=2 3 7 6 10 -7 17 -9 9 -11 18 25 16 20 -16 28 -18 24 19 -21 29 -23 -24 -25 -26 -27 27 -29 -30 -31
leaf_value=0.0097986136425715926 -0.0043598258140871001 0.0025038650062346865 -0.0094540507947619909 -0.00078939536420895827 0.004220739664606816 -0.0069905137923118848 -0.0025455628735474474 -0.011954890243412905 0.0009660588882122789 0.0025038650062346865 0.004220739664606816 0.004220739664606816 0.0080372210205918865 0.0009660588882122789 0.004220739664606816 0.004220739664606816 0.004220739664606816 -0.0025455628735474474 0.0080372210205918865 0.004220739664606816 0.0009660588882122789 0.004220739664606816 0.004220739664606816 0.0025038650062346865 -0.00080085497803536714 0.0080372210205918865 0.0080372210205918865 0.004220739664606816 0.0025038650062346865 -0.00078939536420895827
leaf_weight=273.29658079147339 562.30213751457632 53.796601556241512 332.96085538156331 178.35550155304372 100.39945024996996 295.46819256525487 231.82608351483941 332.85429843654856 426.12202586606145 267.33409278839827 100.2871504984796 43.490430295467377 62.844364054501057 366.0648876465857 185.50860210135579 61.618049804121256 13.450500860810278 40.559119503945112 43.43851950019598 52.594145424664021 64.436226876452565 208.39514318108559 74.82946041226387 66.539870351552963 438.28459425456822 265.70530077069998 40.563128687441349 17.988686211407185 692.0439467728138 193.98290831036866
leaf_count=833 7151 142 7510 1061 273 5430 2006 9171 1846 985 284 118 158 1944 442 146 33 391 94 133 367 478 182 259 3526 627 95 48 1833 1191
internal_value=5.65322e-13 0.00255142 -0.00764255 0.00121623 0.00722525 -0.00526599 -0.000732963 -0.0107043 0.00266508 0.00186793 0.00627583 0.00686584 0.00505693 0.000137277 0.0031398 0.00285658 0.00720714 -0.00171607 0.00463957 0.00647634 0.000613744 0.00415374 0.00250387 0.000994362 -0.00111545 0.00773499 0.00614842 0.00803722 0.00250387 -0.00042104
internal_weight=6087.34 4563.76 1523.59 3549.7 1014.06 857.77 1513.51 665.815 2036.19 759.996 740.762 544.442 176.694 802.84 1276.19 1090.68 76.2949 710.67 196.32 96.0327 624.484 337.021 128.626 492.662 478.844 367.748 102.042 58.5518 753.662 258.419
internal_count=48757 19495 29262 16799 2696 12581 10486 16681 6313 3090 1863 1352 464 4563 3223 2781 191 5923 511 227 3502 802 324 2105 3917 888 261 143 1979 1558
cat_boundaries=0 1
cat_threshold=228
is_linear=0
shrinkage=0.01


Tree=50
num_leaves=31
num_cat=3
split_feature=14 14 14 14 14 14 14 14 5 15 15 18 16 17 7 2 16 14 21 11 5 11 12 20 17 17 12 16 20 18
split_gain=1158.63 278.618 108.857 98.3267 24.0807 12.7355 12.6682 10.6249 7.30719 7.19164 7.02831 8.04353 6.46474 8.7773 8.51752 6.44899 6.32081 5.73733 6.11416 5.54908 5.37102 5.27383 5.11638 5.11469 4.75845 4.64016 4.36689 7.62367 4.30717 5.68731
threshold=16.050000000000004 2.9500000000000006 52.45000000000001 6.0500000000000007 1.9500000000000002 30.850000000000005 9.2500000000000018 122.25000000000001 0 0.34835123105996912 0.38893406184757018 27.500000000000004 0.29086688398007038 1.5000000000000002 11.500000000000002 1 0.38924645358428483 4.4500000000000011 6.166666666666667 485.00000000000006 2 477.00000000000006 3.5000000000000004 0.21111111111111114 2.5000000000000004 1.5000000000000002 1.5000000000000002 0.28053354580063466 0.52272727272727282 22.500000000000004
decision_type=2 2 2 2 2 2 2 2 9 10 8 8 8 8 2 9 8 2 8 2 9 2 2 10 10 10 2 10 8 10
left_child=1 4 5 8 -1 -2 20 -4 9 12 11 19 14 -14 15 22 17 -10 -19 -6 -5 -16 -3 -21 -8 -24 -12 -28 29 -11
right_child=2 3 7 6 10 -7 24 -9 16 28 26 -13 13 -15 21 -17 -18 18 -20 23 -22 -23 25 -25 -26 -27 27 -29 -30 -31
leaf_value=0.0097277592065314177 -0.0043215060957187785 0.0041894210476700342 -0.0093576432365063654 -0.00078442156737529897 0.0041894210476700342 -0.0069193121332455912 -0.0025294139753311881 -0.011882113649150252 0.0040230524342940392 0.0009581253422774619 0.0041894210476700342 0.0076679350544252246 0.0009581253422774619 0.0041894210476700342 0.0009581253422774619 0.0009581253422774619 0.0009581253422774619 0.0012258836378864629 0.0032351967218755195 0.0041894210476700342 0.00060698920445063638 0.0041894210476700342 0.0041894210476700342 0.007981376832630659 -0.0011113119037153038 0.0009581253422774619 0.007981376832630659 0.0041894210476700342 0.0009581253422774619 0.0041894210476700342
leaf_weight=269.98679543659091 559.05800655158237 84.890981920063496 337.70548267103732 177.94436890259385 99.803998004645109 284.87368888128549 230.71048311702907 329.27881347713992 644.72762232646346 29.739420462399721 99.548262216150761 364.67669758573174 27.081188257783651 176.40456195920706 50.122641831636429 265.65354816988111 44.391824498772621 206.81326580420136 153.34929734095931 9.4244427755475026 622.26210262998939 58.473775174468756 20.426009256392717 65.973468586802483 477.26899117976427 21.76635879278183 42.629727117717266 52.063613705337048 142.72376193106174 98.196556322276592
leaf_count=833 7151 246 7674 1061 273 5266 2006 9171 1628 110 284 888 102 499 146 855 157 882 629 26 3502 159 69 165 3917 68 94 133 483 280
internal_value=2.00841e-12 0.00252581 -0.00758464 0.0012047 0.00717414 -0.00519841 -0.000728272 -0.0106039 0.00264452 0.00194269 0.00623499 0.0068219 0.00251273 0.00401598 0.00190257 0.00121545 0.00324753 0.0034583 0.00244734 0.00506089 0.000133791 0.00418942 0.00325579 0.0072101 -0.00170263 0.000958125 0.00460375 0.00641737 0.000958125 0.00289574
internal_weight=6047.97 4537.05 1510.92 3532.95 1004.11 843.932 1508.19 666.984 2024.76 975.479 734.12 539.879 704.819 203.486 501.333 392.737 1049.28 1004.89 360.163 175.202 800.206 108.596 127.083 75.3979 707.979 42.1924 194.242 94.6933 270.66 127.936
internal_count=48757 19495 29262 16799 2696 12417 10486 16845 6313 3017 1863 1352 2144 601 1543 1238 3296 3139 1511 464 4563 305 383 191 5923 137 511 227 873 390
cat_boundaries=0 1 2 3
cat_threshold=83 2 228
is_linear=0
shrinkage=0.01


Tree=51
num_leaves=31
num_cat=1
split_feature=14 14 14 14 14 14 14 19 14 15 18 11 20 5 12 21 11 16 20 11 16 15 11 16 14 20 18 0 21 18
split_gain=1131.82 226.431 184.125 58.1484 23.3677 20.4534 17.9681 7.20141 8.59835 6.92573 7.60603 4.94238 4.75953 4.75493 6.51707 7.91678 6.51367 5.24714 4.75561 5.37115 4.72606 6.25907 4.66135 4.56182 4.43882 4.2792 4.13948 4.08698 3.87668 3.80757
threshold=11.350000000000003 2.9500000000000006 36.850000000000001 5.4500000000000011 1.9500000000000002 119.85000000000001 18.950000000000003 5.5000000000000009 8.0500000000000025 0.38893406184757018 27.500000000000004 485.00000000000006 0.21111111111111114 0 -1.4999999999999998 3.1666666666666674 497.00000000000006 0.38924645358428483 0.63068181818181823 527.00000000000011 0.18743574239390967 0.22270793948025991 463.00000000000006 0.29893433741722902 53.350000000000001 0.63068181818181823 19.500000000000004 1850.0000000000002 4.8333333333333348 70.500000000000014
decision_type=2 2 2 2 2 2 2 2 2 8 8 2 10 9 2 10 2 8 8 2 10 10 2 8 2 10 10 2 10 10
left_child=1 4 6 13 -1 24 23 8 -5 10 11 -6 -13 17 15 27 -16 20 29 -20 21 22 -3 -2 -4 -17 -9 -15 -11 -18
right_child=2 3 5 7 9 -7 -8 26 -10 28 -12 12 -14 14 16 25 18 -19 19 -21 -22 -23 -24 -25 -26 -27 -28 -29 -30 -31
leaf_value=0.0096580404316069009 -0.0020140028365424976 0.0043836613568629546 -0.0073493507320439438 0.00040334322046574881 0.0043836613568629546 -0.01178904695364528 -0.005017724911082583 -0.001588499861488087 -0.0014197865589810927 0.0043836613568629546 0.0076102211434276711 0.0043836613568629546 0.0079280277212458884 0.0014264677924977842 0.0014264677924977842 0.0043836613568629546 0.0014264677924977842 0.0014264677924977842 0.0043836613568629546 0.0014264677924977842 0.0039915344448223193 0.0014264677924977842 0.0014264677924977842 -0.0037263241122443905 -0.0092998577676813316 0.0014264677924977842 0.0014264677924977842 0.0043836613568629546 0.0079280277212458884 0.0043836613568629546
leaf_weight=266.77790005505085 491.01599715463817 44.717113643884659 183.28933005500585 678.02044551633298 99.108917601406574 331.38703887397423 495.80427377764136 48.014466043561697 418.27978046238422 170.51112942397594 361.20688471198082 9.3607120364904386 65.326419677585363 114.10062619671226 385.56266052275896 174.27826884388924 54.530002795159817 33.963832683861256 87.925003103911877 21.567451857030392 669.91626581177115 88.579502269625664 34.847517497837543 98.711832823231816 321.02093645650893 18.358797714114189 164.01131053641438 36.738836955279112 21.872182883322239 21.418173223733902
leaf_count=833 4663 120 3671 3554 273 9332 7008 290 3087 459 888 26 165 334 1192 428 160 119 226 63 1941 288 110 1045 7349 58 868 104 52 51
internal_value=4.08722e-12 0.00297457 -0.00633084 0.00164083 0.00712649 -0.00985912 -0.00361459 3.90819e-05 -0.000292249 0.00619802 0.00678315 0.00506422 0.00715768 0.00281385 0.00220492 0.00331748 0.00157429 0.00338829 0.00331851 0.00438366 0.00361531 0.00211638 0.00438366 -0.00243492 -0.00859095 0.00438366 0.00142647 0.00158421 0.0045708 0.00142647
internal_weight=6010.22 4088.99 1921.23 3094.83 994.164 835.697 1085.53 1308.33 1096.3 727.386 535.003 173.796 74.6871 1786.5 914.48 343.477 571.003 872.024 185.441 109.492 838.06 168.144 79.5646 589.728 504.31 192.637 212.026 150.839 192.383 75.9482
internal_count=48757 15689 33068 12993 2696 20352 12716 7799 6641 1863 1352 464 191 5194 2616 924 1692 2578 500 289 2459 518 230 5708 11020 486 1158 438 511 211
cat_boundaries=0 1
cat_threshold=388
is_linear=0
shrinkage=0.01


Tree=52
num_leaves=31
num_cat=2
split_feature=14 14 14 14 14 14 14 14 15 18 5 15 16 15 5 11 20 16 0 15 7 15 12 16 11 6 16 19 15 15
split_gain=1104.21 266.282 104.729 94.7279 22.8951 14.4197 13.2618 8.72857 6.89376 7.15932 6.85338 6.53454 5.64978 5.37379 5.34362 5.07505 4.91128 4.56261 7.28629 6.1124 5.19349 4.44551 4.2769 7.28482 4.23672 4.20243 4.00741 3.9092 3.89695 4.61472
threshold=16.050000000000004 2.9500000000000006 46.250000000000007 5.7500000000000009 1.9500000000000002 8.8500000000000032 119.85000000000001 30.850000000000005 0.38893406184757018 27.500000000000004 0 0.34835123105996912 0.38924645358428483 0.16589036840817853 1 485.00000000000006 0.21111111111111114 0.28291456668970383 1650.0000000000002 0.22341845651429973 5.5000000000000009 0.19420535419622734 1.5000000000000002 0.28053354580063466 465.00000000000006 4.5000000000000009 0.18181293859289507 5.5000000000000009 0.37248804374803551 0.21184605158993788
decision_type=2 2 2 2 2 2 2 2 8 8 9 8 8 10 9 2 10 8 2 10 2 10 2 10 2 2 8 2 10 8
left_child=1 4 7 10 -1 14 -4 -2 9 15 11 13 28 27 25 -6 -17 18 20 -19 24 -20 -10 -24 -15 26 -5 -3 29 -12
right_child=2 3 6 5 8 -7 -8 -9 22 -11 12 -13 -14 17 -16 16 -18 19 21 -21 -22 -23 23 -25 -26 -27 -28 -29 -30 -31
leaf_value=0.0095901166326753523 -0.0042545988902928716 0.0010486136840883538 -0.0089777273887745954 0.0010486136840883538 0.0041254313615400138 -0.0015970249019255501 -0.011717753180145231 -0.0065981432608106794 0.0041254313615400138 0.007539458230614692 0.0041254313615400138 0.0010486136840883538 0.0010486136840883538 0.0041254313615400138 -0.00064882054662981448 0.0041254313615400138 0.0078683709113634374 0.0010486136840883538 0.0041254313615400138 0.0041254313615400138 0.0041254313615400138 0.0010486136840883538 0.0078683709113634374 0.0041254313615400138 0.0010486136840883538 0.0010486136840883538 -0.00064882054662981448 0.0041254313615400138 0.0041254313615400138 0.002531325185917649
leaf_weight=263.61135358735919 553.08676057774574 87.840202786028385 383.17257812060416 67.119367314502597 98.496636126190424 764.11150185205042 327.71890308056027 223.00631398987025 98.198117788881063 358.07565838098526 247.92130690068007 258.46564602479339 41.520611997693777 23.89566894620657 195.60396802984178 9.2866518646478635 64.694576855748892 55.795454792678356 34.706484258174896 130.66543025150895 122.58018100261688 133.19100277125835 41.765201166272163 51.168147802352905 33.958034314215183 375.3091959618032 205.59392109699547 31.34597173333168 218.4208842664957 472.31882450729609
leaf_count=833 7151 283 8736 347 273 6366 9332 4043 284 888 737 825 150 66 1144 26 165 157 80 367 340 430 94 133 116 2008 1175 87 617 1504
internal_value=6.2054e-12 0.00247561 -0.00746796 0.00118295 0.00706791 -0.000601925 -0.0102409 -0.004928 0.00614663 0.00673324 0.00269915 0.00198861 0.00330657 0.00256183 0.000299384 0.00505949 0.0071077 0.00299925 0.00232071 0.00412543 0.00372484 0.00104861 0.00451826 0.00634342 0.00104861 0.000757437 -0.000265382 0.00104861 0.0035156 0.00311265
internal_weight=5972.64 4485.66 1486.98 3500.36 985.296 1607.74 710.891 776.093 721.685 530.554 1892.63 912.444 980.182 653.978 843.626 172.478 73.9812 534.792 348.331 186.461 180.434 167.897 191.131 92.9333 57.8537 648.022 272.713 119.186 938.661 720.24
internal_count=48757 19495 29262 16799 2696 11040 18068 11194 1863 1352 5759 2751 3008 1926 4674 464 191 1556 1032 524 522 510 511 227 182 3530 1522 370 2858 2241
cat_boundaries=0 1 2
cat_threshold=83 275
is_linear=0
shrinkage=0.01


Tree=53
num_leaves=31
num_cat=2
split_feature=14 14 14 14 14 14 14 14 15 18 13 5 11 20 12 16 5 19 6 16 17 12 8 11 11 6 7 21 15 15
split_gain=1077.21 260.802 102.546 93.0158 22.2523 14.109 12.0684 10.3238 6.7304 6.79076 6.65467 5.25202 4.85659 4.80025 4.23939 7.03311 4.11099 5.34887 4.01639 3.83027 3.71737 3.14733 3.1458 4.96353 3.13857 3.41147 3.11824 3.09116 4.35897 6.00862
threshold=16.050000000000004 2.9500000000000006 52.45000000000001 5.7500000000000009 1.9500000000000002 8.8500000000000032 30.850000000000005 171.25000000000003 0.38893406184757018 27.500000000000004 2.5000000000000004 0 485.00000000000006 0.21111111111111114 1.5000000000000002 0.28053354580063466 1 5.5000000000000009 4.5000000000000009 0.18181293859289507 2.5000000000000004 2.5000000000000004 55.750000000000007 463.00000000000006 435.00000000000006 7.5000000000000009 10.500000000000002 2.8333333333333335 0.23748530512766294 0.35331947024438987
decision_type=2 2 2 2 2 2 2 2 8 8 2 9 2 10 2 10 9 2 2 8 10 2 2 2 2 2 2 8 10 10
left_child=1 4 6 10 -1 11 -2 -4 9 12 16 18 -6 -14 -10 -16 17 -3 19 -5 -7 -12 23 26 -22 -26 -18 28 -11 -30
right_child=2 3 7 5 8 20 -8 -9 14 27 21 -13 13 -15 15 -17 22 -19 -20 -21 24 -23 -24 -25 25 -27 -28 -29 29 -31
leaf_value=0.0095223153691237194 -0.0042190388573794917 0.0022196484998743059 -0.0094837916951415989 0.001036019845254553 0.0040946680426303108 -0.0024804420239303523 -0.0067755118177841717 -0.012149295921011594 0.0040946680426303108 0.0040946680426303108 0.0022196484998743059 -0.00064894861418962179 0.0040946680426303108 0.0078150824387663576 0.0078150824387663576 0.0040946680426303108 0.0040946680426303108 0.0040946680426303108 0.001036019845254553 -0.00064894861418962179 -0.0024804420239303523 0.001036019845254553 0.0040946680426303108 0.0022196484998743059 -0.00064894861418962179 -0.0024804420239303523 0.0022196484998743059 0.0078150824387663576 0.0078150824387663576 0.0040946680426303108
leaf_weight=260.37017717584968 549.79522198811173 594.12536481022835 426.87715487461537 66.956340864300728 97.646271202713251 250.70339557342231 278.04196371044964 220.29002267681062 97.476405691355467 22.127400912344456 265.69207787886262 194.99818661436439 9.233293339610098 64.064515296369791 41.141337543725967 50.682868398725986 150.87866301089525 133.30576732009649 374.57151578180492 204.01431259512901 42.156109740957618 104.19152690842748 405.96939923614264 177.97781011834741 402.98602118529379 65.255648802965879 54.836911022663116 256.61785177886486 54.042250916361809 21.978596426546574
leaf_count=833 7151 1581 10509 347 273 2167 5266 6336 284 71 1242 1144 26 165 94 133 377 346 2008 1175 409 517 1053 496 3229 561 147 627 126 64
internal_value=2.80743e-12 0.00244809 -0.00740897 0.00117002 0.00701931 -0.00060234 -0.00507767 -0.0103911 0.00610785 0.00669004 0.00267438 0.000290777 0.00505274 0.0070555 0.00449103 0.00631744 0.00296761 0.00228661 0.000746156 -0.000255005 -0.00158867 0.00147169 0.00352139 0.00291352 -0.0010969 -0.000820073 0.00403921 0.00747898 0.00592887 0.00726917
internal_weight=5939 4464 1475 3488.62 975.381 1601.64 827.837 647.167 715.011 525.71 1886.98 840.54 170.944 73.2978 189.301 91.8242 1517.09 727.431 645.542 270.971 761.101 369.884 789.663 383.693 510.398 468.242 205.716 354.766 98.1482 76.0208
internal_count=48757 19495 29262 16799 2696 11040 12417 16845 1863 1352 5759 4674 464 191 511 227 4000 1927 3530 1522 6366 1759 2073 1020 4199 3790 524 888 261 190
cat_boundaries=0 1 2
cat_threshold=275 83
is_linear=0
shrinkage=0.01


Tree=54
num_leaves=31
num_cat=1
split_feature=14 14 14 14 14 14 14 14 14 21 15 18 5 11 20 11 17 17 20 12 16 12 11 15 7 11 15 14 15 14
split_gain=1051.27 255.094 101.226 90.8817 21.7069 13.2127 11.5673 8.4257 7.0614 7.68433 6.60689 6.85587 5.10727 4.97651 6.82499 4.53419 4.85114 4.34621 4.25948 4.15254 6.84361 4.04878 3.57717 3.36316 3.97119 3.17689 3.0611 3.03547 2.97261 2.93651
threshold=16.050000000000004 2.9500000000000006 46.250000000000007 6.0500000000000007 1.9500000000000002 119.85000000000001 9.2500000000000018 30.850000000000005 4.4500000000000011 4.8333333333333348 0.38893406184757018 27.500000000000004 0 511.00000000000006 0.44949494949494956 485.00000000000006 3.5000000000000004 2.5000000000000004 0.14835164835164838 1.5000000000000002 0.28053354580063466 1.5000000000000002 473.00000000000006 0.20660697416963456 5.5000000000000009 435.00000000000006 0.57740868624890929 273.30000000000001 0.16589036840817853 1.5500000000000003
decision_type=2 2 2 2 2 2 2 2 2 10 8 8 9 2 8 2 10 10 10 2 10 2 2 10 2 2 10 2 10 2
left_child=1 4 7 8 29 -4 12 -2 13 23 11 15 -5 14 18 -6 -17 -8 22 -12 -21 -14 -3 24 -10 -19 -16 -7 -23 -1
right_child=2 3 5 6 10 27 17 -9 9 -11 19 -13 21 -15 26 16 -18 25 -20 20 -22 28 -24 -25 -26 -27 -28 -29 -30 -31
leaf_value=0.01097599975937027 -0.0041811701860069092 0.0023983938805273632 -0.0088435554359767021 -0.00077045730757344913 0.0040615299077948318 -0.01094804929870629 -0.0024663677774480167 -0.0065011188149849772 0.00091910139651695726 0.0023983938805273632 0.0040615299077948318 0.0074394610177182605 0.00091910139651695726 0.0040615299077948318 0.0023983938805273632 0.0077582281057905567 0.0040615299077948318 -0.0024663677774480167 0.0040615299077948318 0.0077582281057905567 0.0040615299077948318 0.00091910139651695726 0.0040615299077948318 0.00091910139651695726 0.0023983938805273632 -0.00078909395833021969 0.0040615299077948318 -0.01304618868191859 -0.00077045730757344913 0.0087039711235510249
leaf_weight=84.895734738558531 546.6749350358732 52.520420346409082 376.44159866590053 175.6389624029398 97.053229793906212 219.35542867751792 226.13960168324411 219.36788892187178 42.82713720202446 262.72468657046556 96.958957888185978 351.45945615321398 359.04261524230242 180.55995277687907 702.37006059661508 59.85178330168128 13.001215703785418 39.572079779580235 203.40452268347144 40.53753849118948 50.29156931489706 63.68098470941186 73.080830805003643 344.89406942948699 93.857515338808298 430.30560977198184 34.772130340337753 100.56612704135478 189.89077798835933 172.41624341160059
leaf_count=274 7151 142 8736 1061 273 6427 2006 4043 188 985 284 888 1944 442 1893 158 33 391 478 94 133 367 182 1558 359 3526 86 2905 1191 559
internal_value=3.98519e-12 0.00242123 -0.00735396 0.00115745 0.00696561 -0.0101134 -0.000715492 -0.00484552 0.0025537 0.00178294 0.00606287 0.00664215 0.000114045 0.00301385 0.00273854 0.00499288 0.00693324 -0.00165496 0.00396343 0.00445457 0.00627314 0.000582259 0.00239839 0.000921546 0.00239839 -0.00108789 0.00239839 -0.0116076 -0.000443092 0.00945359
internal_weight=5904.15 4441.75 1462.41 3475.28 966.466 696.363 1484.27 766.043 1991.01 744.303 709.154 521.366 788.253 1246.71 1066.15 169.906 72.853 696.017 329.006 187.788 90.8291 612.614 125.601 481.579 136.685 469.878 737.142 319.922 253.572 257.312
internal_count=48757 19495 29262 16799 2696 18068 10486 11194 6313 3090 1863 1352 4563 3223 2781 464 191 5923 802 511 227 3502 324 2105 547 3917 1979 9332 1558 833
cat_boundaries=0 1
cat_threshold=228
is_linear=0
shrinkage=0.01


Tree=55
num_leaves=31
num_cat=2
split_feature=14 14 14 14 14 14 14 14 5 15 18 16 15 12 15 21 11 20 12 17 18 12 16 0 5 17 20 15 15 0
split_gain=1026.13 249.532 99.7882 88.8839 21.1354 13.4358 13.4052 8.23701 6.54145 6.50715 6.42394 5.83864 5.61297 5.24807 5.70247 6.20675 4.62261 4.6418 4.43584 4.28686 4.26694 4.11442 6.65805 4.02858 3.96357 3.8377 3.79607 3.79568 4.09303 8.55005
threshold=16.050000000000004 2.9500000000000006 46.250000000000007 5.7500000000000009 1.9500000000000002 9.2500000000000018 119.85000000000001 30.850000000000005 0 0.38893406184757018 27.500000000000004 0.38924645358428483 0.34835123105996912 -2.4999999999999996 0.31230770077195652 8.8333333333333339 485.00000000000006 0.21111111111111114 1.0000000180025095e-35 2.5000000000000004 77.500000000000014 1.5000000000000002 0.28053354580063466 1950.0000000000002 1 4.5000000000000009 0.70714285714285718 0.37248804374803551 0.21184605158993788 1650.0000000000002
decision_type=2 2 2 2 2 2 2 2 9 8 8 8 8 2 10 8 2 10 2 10 10 2 10 2 9 10 10 10 8 2
left_child=1 4 7 8 -1 18 -4 -2 12 10 16 27 13 23 15 -15 -6 -18 24 -7 -14 -11 -23 -3 -5 -22 -25 28 -10 -30
right_child=2 3 6 5 9 19 -8 -9 11 21 -12 -13 20 14 -16 -17 17 -19 -20 -21 25 22 -24 26 -26 -27 -28 -29 29 -31
leaf_value=0.0093853915646789701 -0.0041438996991519875 0.0040304509632756273 -0.0087716637979767184 -0.00069802894040562659 0.0040304509632756273 -0.00245011008501891 -0.01157085825489091 -0.0064456593821615275 0.0040304509632756273 0.0040304509632756273 0.0073737226444684813 0.0010153880010394432 0.0010153880010394432 0.0010153880010394432 0.0040304509632756273 0.0039238626075652283 0.0040304509632756273 0.0077033006574584511 -0.00066119169692395159 -0.0010746399510765206 0.0010153880010394432 0.0077033006574584511 0.0040304509632756273 0.0010153880010394432 0.0010153880010394432 0.0040304509632756273 0.0040304509632756273 0.0040304509632756273 0.0037738251350757437 0.0010591886200043859
leaf_weight=254.27781712263823 543.87985044671223 130.98895876854658 373.54176677996293 142.26929672248662 96.396423544734716 225.01458042673767 315.65217349166051 217.70246862620115 245.62830237671733 96.35883055627346 348.46484879776835 41.222917839884758 210.10427105054259 338.45645146071911 66.161823004484177 85.389425177127123 9.122218154370783 62.91761015728116 350.66646671667695 468.34260698221624 24.183685727417469 39.999948062002659 49.892730481922626 18.376038372516636 402.8499664068222 19.744912177324295 9.2862963899970037 215.89709645137191 243.78671942278743 221.385139208287
leaf_count=833 7151 362 8736 857 273 2006 9332 4043 737 284 888 150 701 1029 190 260 26 165 2102 3917 81 94 133 63 2158 43 22 617 743 761
internal_value=8.16464e-13 0.00239654 -0.00729676 0.00114622 0.00691468 -0.000592778 -0.0100537 -0.00480187 0.00262355 0.00602121 0.00659866 0.00322042 0.00192654 0.00245601 0.00194419 0.00150512 0.0049952 0.00696182 0.000216181 -0.00163792 0.00101539 0.00441861 0.00624161 0.00403045 0.000780581 0.00403045 0.00101539 0.00343674 0.00303367 0.00248187
internal_weight=5867.96 4417.19 1450.78 3459.75 957.43 1589.14 689.194 761.582 1870.61 703.153 516.901 967.92 902.692 648.659 490.008 423.846 168.436 72.0398 895.786 693.357 254.033 186.252 89.8927 158.651 545.119 43.9286 27.6623 926.697 710.8 465.172
internal_count=48757 19495 29262 16799 2696 11040 18068 11194 5759 1863 1352 3008 2751 1926 1479 1289 464 191 5117 5923 825 511 227 447 3015 124 85 2858 2241 1504
cat_boundaries=0 1 2
cat_threshold=83 228
is_linear=0
shrinkage=0.01


Tree=56
num_leaves=31
num_cat=1
split_feature=14 14 14 14 14 14 14 19 13 15 18 14 16 11 20 14 18 5 19 15 21 18 6 17 11 0 15 14 0 7
split_gain=1002.93 202.827 167.731 52.4162 20.6183 19.7756 16.2301 8.27482 6.55978 6.38132 6.21663 5.61387 4.30408 4.22211 4.31598 4.04131 3.95373 5.04174 4.52078 3.85484 3.54891 3.4181 3.2708 3.24117 3.36399 3.18816 3.18154 2.99328 2.96398 3.86813
threshold=11.350000000000003 2.9500000000000006 36.850000000000001 5.7500000000000009 1.9500000000000002 119.85000000000001 20.650000000000002 5.5000000000000009 2.5000000000000004 0.38893406184757018 27.500000000000004 8.0500000000000025 0.30156359187513049 485.00000000000006 0.21111111111111114 68.450000000000017 96.500000000000014 0 5.5000000000000009 0.38670782230091 4.8333333333333348 56.500000000000007 4.5000000000000009 2.5000000000000004 449.00000000000006 1850.0000000000002 0.27650149175815403 273.30000000000001 1950.0000000000002 3.5000000000000004
decision_type=2 2 2 2 2 2 2 2 2 8 8 2 8 2 10 2 10 9 2 10 10 10 2 8 2 2 8 2 2 2
left_child=1 4 6 8 -1 15 12 11 16 10 13 28 23 -6 -15 -4 17 -3 -19 25 -11 22 26 -2 -25 -20 -8 -7 29 -5
right_child=2 3 5 7 9 27 21 -9 -10 20 -12 -13 -14 14 -16 -17 -18 18 19 -21 -22 -23 -24 24 -26 -27 -28 -29 -30 -31
leaf_value=0.0093199401154937661 -0.0037600710760947197 0.0034085744919189619 -0.007503282156711256 -0.00060906939276987669 0.0042152993737895371 -0.010843635181431206 -0.0065055131262684255 0.0012562063018055028 0.0014071456677510828 0.0042152993737895371 0.0073196719538244342 -0.0013778160775607313 -0.0037600710760947197 0.0042152993737895371 0.0076495014734426605 -0.0093566759294782618 0.0042152993737895371 0.0021534216942538835 0.0042152993737895371 0.0021534216942538835 0.0076495014734426605 -0.0065055131262684255 -0.0037600710760947197 -0.0034865259444216228 -0.0016237864285478993 0.0021534216942538835 -0.0037600710760947197 -0.01295358603963612 -0.00060906939276987669 0.0010231551904416459
leaf_weight=251.31100043281913 51.645920938812196 692.99616534262896 281.63159304810688 91.596685325726867 95.739167481660843 214.15148467523977 102.26251095719635 193.75559604912996 366.42393843084574 163.6340789347887 345.3462144844234 409.32978879846632 102.26373016089201 9.0714598447084409 62.332266736775637 202.05488513456658 94.541789770126343 581.48157036677003 100.15656320005655 13.582451581954954 21.109098680317402 93.173351687379181 179.16291316505522 104.433005226776 392.53417494520545 16.636343933641911 32.713843634352088 98.006658466532826 92.158283244818449 381.92697480879724
leaf_count=833 574 1855 6006 517 273 6427 1590 1080 1759 459 888 3087 1142 26 165 5014 239 1565 245 43 52 1485 2522 1129 3830 53 444 2905 538 2012
internal_value=1.52383e-11 0.00282801 -0.00607559 0.00156639 0.00686421 -0.00954388 -0.00346715 -9.41662e-05 0.00260658 0.00597906 0.00655346 -0.000485794 -0.00248745 0.00497032 0.0069074 -0.00827752 0.0028997 0.00275629 0.00215342 0.00402491 0.00438566 -0.00503269 -0.0045305 -0.00211508 -0.00185235 0.0042153 -0.00571063 -0.0115061 0.000159677 0.000545023
internal_weight=5837.16 3983.13 1854.03 3034.59 948.543 795.845 1058.19 1168.77 1865.82 697.232 512.489 975.012 650.877 167.143 71.4037 483.686 1499.39 1404.85 711.857 130.375 184.743 407.313 314.139 548.613 496.967 116.793 134.976 312.158 565.682 473.524
internal_count=48757 15689 33068 12993 2696 20352 12716 7234 5759 1863 1352 6154 6675 464 191 11020 4000 3761 1906 341 511 6041 4556 5533 4959 298 2034 9332 3067 2529
cat_boundaries=0 1
cat_threshold=388
is_linear=0
shrinkage=0.01


Tree=57
num_leaves=31
num_cat=2
split_feature=14 14 14 14 14 14 14 14 13 15 18 5 11 20 12 16 5 19 6 16 19 20 18 0 11 14 12 6 19 14
split_gain=979.877 238.608 96.3067 85.6139 20.2411 12.8106 11.3692 10.0913 6.35595 6.28007 6.0266 4.98753 4.34877 4.47471 4.03841 6.37729 3.86989 5.15754 3.64531 3.67415 3.42056 3.28672 3.05755 2.98024 2.94039 2.94025 2.92533 2.90155 2.88854 2.88051
threshold=16.050000000000004 2.9500000000000006 53.350000000000001 5.7500000000000009 1.9500000000000002 8.8500000000000032 30.850000000000005 122.25000000000001 2.5000000000000004 0.38893406184757018 27.500000000000004 0 485.00000000000006 0.21111111111111114 1.5000000000000002 0.28053354580063466 1 5.5000000000000009 4.5000000000000009 0.18181293859289507 1.5000000000000002 0.19090909090909094 96.500000000000014 1850.0000000000002 435.00000000000006 21.850000000000005 2.5000000000000004 1.5000000000000002 5.5000000000000009 1.5500000000000003
decision_type=2 2 2 2 2 2 2 2 2 8 8 9 2 10 2 10 9 2 2 8 2 8 10 2 2 2 2 2 2 2
left_child=1 4 6 8 29 11 25 -4 16 10 12 18 -6 -14 -11 -16 17 22 19 -5 27 -18 -3 -19 -22 -2 -10 -7 -21 -1
right_child=2 3 7 5 9 20 -8 -9 26 14 -12 -13 13 -15 15 -17 21 23 -20 28 24 -23 -24 -25 -26 -27 -28 -29 -30 -31
leaf_value=0.010793089909391474 -0.0033810430378196817 0.0021298846382656832 -0.008921126944262843 0.00099348423596634216 0.0039657522101997147 -0.00063633624235316807 -0.0065859536625097418 -0.011485964822546886 0.0021298846382656832 0.0039657522101997147 0.007258622285765565 -0.00063633624235316807 0.0039657522101997147 0.0075917838485618054 0.0075917838485618054 0.0039657522101997147 0.0021298846382656832 0.0039657522101997147 0.00099348423596634216 -0.00063633624235316807 -0.002425263431569714 0.0037156155931640645 0.0039657522101997147 0.0021298846382656832 -0.0007395275491307885 -0.0048633702826905521 0.00099348423596634216 -0.002425263431569714 0.00099348423596634216 0.008501724694184221
leaf_weight=81.726421218365431 279.74883640836924 535.91848793253303 310.72493394836783 65.889846727252007 95.239099137485027 30.695617409422994 276.67307840706781 302.97585568390787 262.05880573019385 95.23367040604353 342.69388879835606 192.30107014812529 9.032483905553816 61.79655796289444 39.337918914854527 49.172603085637093 107.11233187094331 112.6056223064661 369.12272502295673 163.81730969436467 36.425168678164482 670.3373192474246 50.411159493029118 18.145886518061161 430.51739668473601 256.50808684248477 102.25124727189541 250.42852934263647 36.502268198877573 166.91083603724837
leaf_count=274 3493 1458 7510 347 273 247 5430 9171 1242 284 888 1144 26 165 94 133 312 287 2008 993 367 1761 123 59 3534 3658 517 2218 182 559
internal_value=6.29955e-12 0.00234649 -0.00719701 0.00112409 0.00680742 -0.000590747 -0.00493953 -0.0101874 0.00257772 0.00592868 0.00650097 0.000266486 0.0049375 0.00685606 0.00434407 0.00617024 0.00286642 0.00220192 0.000716718 -0.000246496 -0.00153916 0.00340718 0.00212988 0.00396575 -0.00101448 -0.00409009 0.00139335 -0.00241065 -0.000636336 0.00925489
internal_weight=5802.32 4375.68 1426.63 3434.54 941.143 1575.7 812.93 613.701 1858.84 692.506 508.762 827.633 166.068 70.829 183.744 88.5105 1494.53 717.081 635.332 266.209 748.067 777.45 586.33 130.752 466.943 536.257 364.31 281.124 200.32 248.637
internal_count=48757 19495 29262 16799 2696 11040 12581 16681 5759 1863 1352 4674 464 191 511 227 4000 1927 3530 1522 6366 2073 1581 346 3901 7151 1759 2465 1175 833
cat_boundaries=0 1 2
cat_threshold=275 83
is_linear=0
shrinkage=0.01


Tree=58
num_leaves=31
num_cat=2
split_feature=14 14 14 14 14 14 14 14 13 15 18 12 11 20 17 12 16 5 19 5 16 11 0 12 14 14 14 17 21 11
split_gain=955.874 233.276 94.6398 83.6827 19.817 12.4519 11.1592 9.97388 6.20391 6.15793 5.82119 4.26002 4.20176 4.39806 4.02956 4.00005 6.23187 3.82073 5.00303 3.79545 3.27653 2.97459 2.95026 2.9092 2.88156 2.86693 2.85781 2.83657 3.02499 4.42675
threshold=16.050000000000004 2.9500000000000006 53.350000000000001 5.7500000000000009 1.9500000000000002 9.2500000000000018 30.850000000000005 122.25000000000001 2.5000000000000004 0.38893406184757018 27.500000000000004 1.0000000180025095e-35 485.00000000000006 0.21111111111111114 2.5000000000000004 1.5000000000000002 0.28053354580063466 0 5.5000000000000009 1 0.35376457508419368 435.00000000000006 1850.0000000000002 2.5000000000000004 21.850000000000005 273.30000000000001 1.7500000000000002 7.5000000000000009 2.8333333333333335 473.00000000000006
decision_type=2 2 2 2 2 2 2 2 2 8 8 2 2 10 10 2 10 9 2 9 10 2 2 2 2 2 2 10 8 2
left_child=1 4 6 8 26 11 24 -4 17 10 12 19 -6 -14 -7 -11 -17 18 -3 -5 -19 -16 -20 -10 -2 -9 -1 28 29 -12
right_child=2 3 7 5 9 14 -8 25 23 15 27 -13 13 -15 21 16 -18 20 22 -21 -22 -23 -24 -25 -26 -27 -28 -29 -30 -31
leaf_value=0.010038484497747434 -0.0033495483704434267 0.0021074380049888324 -0.0088576516131090143 -0.00070116788486159778 0.0039315695208437616 -0.0024098211247315098 -0.0065353580504665986 -0.010751715356200958 0.0021074380049888324 0.0039315695208437616 0.0039315695208437616 -0.00066859344439180871 0.0039315695208437616 0.0075344020856161435 -0.0024098211247315098 0.0075344020856161435 0.0039315695208437616 0.0036526075745918528 0.0039315695208437616 0.00098203781595512557 0.0021074380049888324 -0.00076386593659327003 0.0021074380049888324 0.00098203781595512557 -0.0048211419207559048 -0.012851448598849353 0.0078208084337902991 0.0039315695208437616 0.0075344020856161435 0.0075344020856161435
leaf_weight=151.60610165819526 278.08823936339468 584.40642497688532 307.95982492016628 140.77144917100668 94.766270395368338 221.53818301670253 274.45470040477812 204.17781783733517 260.95542811229825 94.714142885059118 39.482671149075031 346.61828242242336 8.9813305810093862 61.267839074134827 38.763864604756236 38.852242156863213 48.849712952971458 694.56615026667714 111.94134868681431 397.78621904365718 80.45020829886198 424.34336223453283 18.097373098134995 101.60950499400496 255.14448135951534 95.413307447452098 94.221796948462725 12.266527011990545 234.26520425826311 54.013783544301987
leaf_count=515 3493 1581 7510 857 273 2006 5430 6266 1242 284 118 2102 26 165 391 94 133 1837 287 2158 236 3526 59 517 3658 2905 318 35 592 143
internal_value=7.29155e-12 0.00232013 -0.00713977 0.00111145 0.00675169 -0.00058713 -0.00489697 -0.0101214 0.00255121 0.00588032 0.00644912 0.000196138 0.004908 0.00679876 -0.00159982 0.00430551 0.00613425 0.00283676 0.00217604 0.000752684 0.00337422 -0.00105332 0.00393157 0.00137812 -0.00405369 -0.0114204 0.00918849 0.00719702 0.00738522 0.00571412
internal_weight=5770.37 4355.14 1415.24 3421.85 933.288 1569.82 807.687 607.551 1852.03 687.46 505.044 885.176 165.015 70.2492 684.645 182.416 87.702 1489.46 714.445 538.558 775.016 463.107 130.039 362.565 533.233 299.591 245.828 340.028 327.762 93.4965
internal_count=48757 19495 29262 16799 2696 11040 12581 16681 5759 1863 1352 5117 464 191 5923 511 227 4000 1927 3015 2073 3917 346 1759 7151 9171 833 888 853 261
cat_boundaries=0 1 2
cat_threshold=83 228
is_linear=0
shrinkage=0.01


Tree=59
num_leaves=31
num_cat=2
split_feature=14 14 14 14 14 14 14 14 13 15 18 5 11 20 12 16 5 19 18 19 21 6 20 0 11 14 14 12 15 18
split_gain=933.128 228.179 93.2667 81.8734 19.4009 13.0757 12.3047 7.75199 6.12059 6.07776 5.6754 4.88451 4.18872 4.41807 3.89029 6.11009 3.88346 4.71437 3.63627 3.1685 3.16434 3.02897 2.98129 2.94576 2.9173 2.85156 2.84387 2.80142 2.77921 2.73998
threshold=16.050000000000004 2.9500000000000006 46.250000000000007 5.7500000000000009 1.9500000000000002 119.85000000000001 8.8500000000000032 21.850000000000005 2.5000000000000004 0.38893406184757018 27.500000000000004 0 447.00000000000006 0.21111111111111114 1.5000000000000002 0.28053354580063466 1 5.5000000000000009 15.500000000000002 1.5000000000000002 6.5833333333333348 1.5000000000000002 0.19090909090909094 1850.0000000000002 435.00000000000006 273.30000000000001 1.7500000000000002 2.5000000000000004 0.28648574124110898 85.500000000000014
decision_type=2 2 2 2 2 2 2 2 2 8 8 9 2 10 2 10 9 2 8 2 8 2 8 2 2 2 2 2 10 10
left_child=1 4 7 8 26 -4 11 -2 16 10 12 18 -6 -14 -11 -16 17 -3 -5 21 -9 -8 28 -19 -21 -7 -1 -10 -18 -20
right_child=2 3 5 6 9 25 19 20 27 14 -12 -13 13 -15 15 -17 22 23 29 24 -22 -23 -24 -25 -26 -27 -28 -29 -30 -31
leaf_value=0.0099776808358248564 -0.0033245464424880747 0.0020832618765573032 -0.0085315258755416373 -0.00062916299020153975 0.0038982738038673744 -0.010698245943311629 -0.00062916299020153975 -0.004381790944309032 0.0020832618765573032 0.0038982738038673744 0.0071429200212553227 -0.00062916299020153975 0.0038982738038673744 0.0067325942461317154 0.007478452973595561 0.0038982738038673744 0.0020832618765573032 0.0038982738038673744 0.00097061876371317161 -0.0023962186118923747 -0.006011669486374026 -0.0023962186118923747 0.0036436714350527866 0.0020832618765573032 -0.00073465853887353825 -0.012799297343190102 0.0077539540956753526 0.00097061876371317161 0.0038982738038673744 -0.00062916299020153975
leaf_weight=149.7035647071898 276.49637851584703 583.0230667591095 361.25104529829696 94.973652053624392 23.787499718368053 207.10300311492756 30.308977112174034 150.17610034253448 259.94824901968241 94.269710801541805 337.26171055436134 191.31089699454606 13.63695692270994 126.63104822859168 38.364578172564507 48.570434361696243 50.605762511491776 111.45131126791239 486.26957410760224 36.071279341354966 314.73537813872099 248.00948281027377 666.72763665020466 18.05257910490036 428.10568262822926 93.877251966390759 93.385694365948439 100.89852722734213 55.172658879309893 49.176616504788399
leaf_count=515 3493 1581 8736 552 75 6427 247 2367 1242 284 888 1144 42 347 94 133 163 287 2669 367 5334 2218 1761 59 3534 2905 318 517 149 309
internal_value=1.75489e-12 0.00229423 -0.00708666 0.00109904 0.00669751 -0.00981413 -0.000584179 -0.00465047 0.00252542 0.0058335 0.00640083 0.000258898 0.00487527 0.00592377 0.00426391 0.00607855 0.00280927 0.00214622 0.000707623 -0.00151722 -0.00543904 -0.00236085 0.00334969 0.00389827 -0.00101139 -0.0113536 0.00912341 0.00135726 0.00208326 0.000970619
internal_weight=5739.36 4335.72 1403.64 3410.11 925.611 662.231 1564.23 741.408 1845.88 682.522 501.317 821.731 164.056 140.268 181.205 86.935 1485.03 712.527 630.42 742.495 464.911 278.318 772.506 129.504 464.177 300.98 243.089 360.847 105.778 535.446
internal_count=48757 19495 29262 16799 2696 18068 11040 11194 5759 1863 1352 4674 464 389 511 227 4000 1927 3530 6366 7701 2465 2073 346 3901 9332 833 1759 312 2978
cat_boundaries=0 1 2
cat_threshold=275 83
is_linear=0
shrinkage=0.01


end of trees

feature_importances:
odds=610
jockey_top3_rate_adj=134
horse_weight_kg=124
career_starts=110
distance_m=91
rest_days=90
race_class=83
trainer_top3_rate_adj=79
umaban=70
avg_finish_last3=70
prev_finish=63
horse_weight_diff=55
popularity=52
career_top3_rate=45
kinryo=44
sex=31
waku=30
age=10
direction=7
course_type=2

parameters:
[boosting: gbdt]
[objective: lambdarank]
[metric: ndcg]
[tree_learner: serial]
[device_type: cpu]
[data_sample_strategy: bagging]
[data: ]
[valid: ]
[num_iterations: 60]
[learning_rate: 0.01]
[num_leaves: 31]
[num_threads: 0]
[seed: 0]
[deterministic: 0]
[force_col_wise: 0]
[force_row_wise: 0]
[histogram_pool_size: -1]
[max_depth: -1]
[min_data_in_leaf: 20]
[min_sum_hessian_in_leaf: 0.001]
[bagging_fraction: 1]
[pos_bagging_fraction: 1]
[neg_bagging_fraction: 1]
[bagging_freq: 0]
[bagging_seed: 3]
[bagging_by_query: 0]
[feature_fraction: 1]
[feature_fraction_bynode: 1]
[feature_fraction_seed: 2]
[extra_trees: 0]
[extra_seed: 6]
[early_stopping_round: 0]
[early_stopping_min_delta: 0]
[first_metric_only: 0]
[max_delta_step: 0]
[lambda_l1: 0]
[lambda_l2: 0]
[linear_lambda: 0]
[min_gain_to_split: 0]
[drop_rate: 0.1]
[max_drop: 50]
[skip_drop: 0.5]
[xgboost_dart_mode: 0]
[uniform_drop: 0]
[drop_seed: 4]
[top_rate: 0.2]
[other_rate: 0.1]
[min_data_per_group: 100]
[max_cat_threshold: 32]
[cat_l2: 10]
[cat_smooth: 10]
[max_cat_to_onehot: 4]
[top_k: 20]
[monotone_constraints: 0,0,0,0,0,0,0,0,0,0,0,0,0,-1,-1,0,0,0,0,0,0,0]
[monotone_constraints_method: basic]
[monotone_penalty: 0]
[feature_contri: ]
[forcedsplits_filename: ]
[refit_decay_rate: 0.9]
[cegb_tradeoff: 1]
[cegb_penalty_split: 0]
[cegb_penalty_feature_lazy: ]
[cegb_penalty_feature_coupled: ]
[path_smooth: 0]
[interaction_constraints: ]
[verbosity: -1]
[saved_feature_importance_type: 0]
[use_quantized_grad: 0]
[num_grad_quant_bins: 4]
[quant_train_renew_leaf: 0]
[stochastic_rounding: 1]
[linear_tree: 0]
[max_bin: 255]
[max_bin_by_feature: ]
[min_data_in_bin: 3]
[bin_construct_sample_cnt: 200000]
[data_random_seed: 1]
[is_enable_sparse: 1]
[enable_bundle: 1]
[use_missing: 1]
[zero_as_missing: 0]
[feature_pre_filter: 1]
[pre_partition: 0]
[two_round: 0]
[header: 0]
[label_column: ]
[weight_column: ]
[group_column: ]
[ignore_column: ]
[categorical_feature: 1,2,3,4,5,9]
[forcedbins_filename: ]
[precise_float_parser: 0]
[parser_config_file: ]
[objective_seed: 5]
[num_class: 1]
[is_unbalance: 0]
[scale_pos_weight: 1]
[sigmoid: 1]
[boost_from_average: 1]
[reg_sqrt: 0]
[alpha: 0.9]
[fair_c: 1]
[poisson_max_delta_step: 0.7]
[tweedie_variance_power: 1.5]
[lambdarank_truncation_level: 30]
[lambdarank_norm: 1]
[label_gain: ]
[lambdarank_position_bias_regularization: 0]
[eval_at: 3,5]
[multi_error_top_k: 1]
[auc_mu_weights: ]
[num_machines: 1]
[local_listen_port: 12400]
[time_out: 120]
[machine_list_filename: ]
[machines: ]
[gpu_platform_id: -1]
[gpu_device_id: -1]
[gpu_use_dp: 0]
[num_gpu: 1]

end of parameters

pandas_categorical:[["\u30c0\u30fc\u30c8", "\u829d"], ["\u53f3", "\u5de6"], ["\u4e0d\u826f", "\u7a0d\u91cd", "\u826f", "\u91cd"], ["\u5c0f\u96e8", "\u5c0f\u96ea", "\u6674", "\u66c7", "\u96e8", "\u96ea"], ["1\u52dd\u30af\u30e9\u30b9", "2\u52dd\u30af\u30e9\u30b9", "3\u52dd\u30af\u30e9\u30b9", "GI", "GII", "GIII", "\u30aa\u30fc\u30d7\u30f3", "\u65b0\u99ac", "\u672a\u52dd\u5229"], ["\u30bb", "\u725d", "\u7261"]]
